x1,x2,x3,x4,x5,x6,y
-0.06037638999373357,0.6519868741787088,0.2764600171440229,-1.0,0.3484136061023002,1.0,3.54917034658404
0.42183189287376366,-0.7739982104207251,0.5579849641379293,-0.9291082359519429,-1.0,-0.13229415576418924,6.230353447034821
0.8533507959323154,-0.3828554471556359,-1.0,1.0,1.0,-0.2822946959850631,-3.5312303386419295
1.0,1.0,1.0,1.0,1.0,-0.7141054266144624,-6.581995887574559
-0.9240438786299228,-0.679826904731066,0.06816469964693142,-1.0,1.0,0.5377282545241353,3.3002808035949007
1.0,1.0,1.0,1.0,-0.6872416468348662,0.33668739952487164,1.1895724277016972
-0.5695594248240252,0.750266178615894,-1.0,-0.3170209390596738,-0.9369646100119398,-1.0,2.3684473156452017
-0.7119868095601021,-0.2701507542882384,-0.51284244002328,0.1917613364177696,-0.20897914344727087,-0.6753759316306034,1.3518882966482346
-1.0,-1.0,-0.09427928094542859,-1.0,-0.9870316736462437,0.5859960101829897,0.06282732811976682
0.5226880328993044,-0.48464197036348067,0.8941205285348713,-0.16937522744240635,0.8359364808870582,-0.6195246975373747,0.4207626998621572
0.3830772920371952,-0.24222817578559835,-1.0,0.6929835689545844,0.7180062769517116,0.8607449149350618,2.713594091045894
-1.0,-0.7580196813610576,-1.0,-0.8576769105082862,0.8222478801618496,1.0,1.6801318524601925
0.763094282611035,1.0,0.7090789291994548,1.0,-0.9046580689548138,-0.8113824661510108,6.284502634562449
-0.4948693420242485,-0.21380976358580606,-1.0,-0.6135186726182045,-0.7105129283107634,-1.0,2.7121516593779753
-0.5572618145984615,-0.18273987362855948,-0.6860391568352774,-0.5201161369531963,-1.0,-1.0,-0.05654711861079653
-1.0,-1.0,-1.0,0.046950783000034635,-1.0,-0.5379355645401077,-4.715222452494146
-1.0,-1.0,0.6036526938701242,0.04686777436559847,-1.0,-1.0,1.8257989559438883
1.0,0.05546070748248799,-0.015985483997094485,-0.22647306241809012,0.8989097069586962,0.26788414535506866,-2.2967823964120124
-0.20921319332509136,-0.43052004832423957,-1.0,0.6474408872638149,1.0,0.432078289341588,-0.07686355810193835
-0.9573161164950751,-1.0,-0.12992365161612662,-1.0,0.19153501867960454,1.0,-2.69404019157002
-0.01864220990224802,-1.0,-0.07475576392287431,0.112822056507898,-0.5101374402445765,0.8839950673450472,1.4554732992523527
-0.8708025947523561,-0.3394940786288002,-0.3952858582384442,-0.47258805305168283,0.06349180884115913,-0.4439061794213528,0.5964271391441399
1.0,0.0596242351075007,0.5459009838439686,0.965196705493142,0.9771442047323136,0.6589968659879613,-2.3322824853380655
-0.3500362231833676,-1.0,-0.6282587776688269,-0.9385691686732593,-0.6508978758898071,-1.0,4.512020045851198
-0.002410881888554872,-1.0,-0.2014341863513084,0.9602533007806705,-1.0,1.0,6.544235806327963
0.22875128139211887,0.24832308419625881,-1.0,-0.868691721714669,0.044674735064477056,0.30252943930444287,-0.8047267131946945
1.0,-0.4623372165237046,1.0,-0.6808855474878588,-0.2782548174285394,0.5536740892763958,0.10971817249558735
0.688402816295795,-0.6488121589722721,-0.7270163012086085,1.0,0.18699283292963453,-0.09695832413295258,-1.0502561365980962
0.5567008244038845,-0.6131546078047522,0.13440602389818934,-0.9003019327478968,-0.16085332091062932,0.6354866788178031,0.8845334694197249
-0.6126658498501785,-0.7484208147840433,-0.942881707072742,-0.3096640349874771,-0.19854170184827538,0.08965470920363362,-1.84965713362322
-1.0,0.5072544054820509,0.2019681181453803,1.0,1.0,0.7249045349530531,4.5804394432351625
0.26263838956962826,1.0,0.07792574419174737,1.0,0.14029391424274984,0.20557000860976016,-0.5314454094600144
-0.12981191998145875,-0.5698834011680297,-0.9533143730397484,-0.24888043982633812,-1.0,-0.20398927439581005,-0.691037543865331
0.8604957205267068,0.9169213547132162,1.0,-0.5663954148365065,0.10278523254244787,-1.0,-1.1256664662202724
1.0,0.7745105880438006,0.6419618199095616,1.0,-0.277830623282733,0.11600527790071768,1.289504075722569
0.16066193346333257,1.0,1.0,0.4020181002544254,0.13158436945136612,-0.05638783598579278,-2.878511387258827
-0.33177153620920125,1.0,1.0,0.11804583625263132,0.20750591105362265,-0.1822221172421176,-1.798868713048444
-0.09834789188480952,0.10908922446806515,0.6308285349508564,-1.0,-1.0,-0.183935953199033,1.2771130784850435
-0.13054137133490787,-0.9044988317316276,0.5800721505451203,0.17581091195482335,0.9097222054933221,-0.07349916363526454,1.6911396125282856
-0.4820733844293699,-0.7623370257115896,0.039171836890212086,-0.062099255395365316,-1.0,-1.0,2.2663273270771023
0.6294616102580861,0.05342404693813267,-0.7456766791524594,1.0,0.10612070782946922,-1.0,0.656335382047466
0.7054173907505037,1.0,1.0,0.8825272109554652,-0.04494243670528586,0.6872262431836207,-4.709449595006367
1.0,0.06461118641301145,1.0,1.0,-0.2010025218283661,-1.0,3.293373824746688
-0.4456075000024502,-0.11411676147446903,-0.5060165483269166,-0.037456368906114146,0.4228447294613915,-1.0,3.828969050294157
1.0,0.7905094101104357,0.28320557172983385,0.6804161814264769,0.5398185899135036,0.5537279936040116,-2.801283938469962
-0.43169163096252283,0.1042660816589843,1.0,-0.3170246780168029,-0.35785477257951714,-1.0,1.2700685143963775
-1.0,-0.2789931839426296,-1.0,-0.010492553402350113,0.09907403595250175,0.41147467685372296,0.7390270746971775
-1.0,-1.0,-0.6925745183171226,-1.0,-0.25978836933139693,-0.1571392343132304,-4.211521554517944
0.20900163584328313,1.0,0.9923471028177999,1.0,-1.0,-0.33297570861724246,-0.028542677325861243
-1.0,-0.5062305836858001,-0.9326190923849857,-1.0,-1.0,0.42829557397886653,-1.0001060635429975
-0.9155505748317151,-0.5839185124607154,0.6990536598671856,-0.8284435731600291,-0.9692006387430119,0.36360965907659404,-2.003540599553517
-0.6242973401848514,-1.0,-0.7321431656964434,-0.385495021024666,-0.26674330216986397,-1.0,2.978159437040596
-1.0,-0.2484614602209596,-0.91189698645239,-0.9504322686027424,0.7096784709552995,0.4072654442823589,0.2046918138551226
0.057063893523370934,0.6343939991853335,0.05142888499798892,-0.9497013226755305,1.0,1.0,6.961345341401692
0.02008701241061206,1.0,1.0,0.5925781324908959,0.5641899074747463,0.0006579975834306584,-3.5326311046729053
-1.0,-1.0,-1.0,-1.0,1.0,-0.4982080204770819,-4.8095309037663
1.0,1.0,0.6669333328839779,-0.009868900787386337,1.0,1.0,-2.2131560719454244
0.07423502071149757,0.5382934184900702,-0.9881818919841021,-0.04410349938779784,-0.5925484084471704,-0.8060154987752961,0.2909264437965212
-0.582848902851708,-0.41872831103405217,0.2161459088908453,-0.4363500705284553,0.6537915530995952,1.0,3.0861372391580373
0.016557516633760594,0.47606368122871934,-1.0,0.34344506265880115,-0.1323265302442963,1.0,6.581530195340994
-0.6374705352262365,0.8860979215038343,-0.001086894295271701,-1.0,-1.0,0.4306517241550466,3.5738333695320077
0.0713297635215997,0.8112439535809821,0.8586248601173736,1.0,0.03049036305031949,-1.0,1.1169741171647987
1.0,0.12867759125642664,1.0,1.0,-1.0,-0.07339288275264827,4.149942461219044
-0.9711597038382416,0.3648320313516235,0.7249191569442103,-0.7025512213778753,-1.0,-1.0,-2.213426836523564
-0.30516136484908185,-0.4792390221618583,-0.7164937005542367,-0.17881423437796462,-0.3618874242989176,-0.9447650592958844,1.6796260573455326
-0.09132164627325795,0.2456968185606296,-0.3999732259974664,0.7081345197907859,-1.0,-0.8105816047677099,0.5546862902549767
0.48690141435736267,-0.4282561340731952,-0.4004971842460281,-0.5040331000078906,-0.1610768804141698,-0.03584096092588507,-0.017508657872383815
0.7968946301665256,1.0,1.0,0.44019636440944887,-0.6491907255497329,0.3132532796890907,0.2072367671671811
0.3614759396084674,0.7282502174995046,0.4027491868010432,0.22905559704689926,0.934890812807414,0.7455119938029906,0.18724588051826196
-0.7452330721060612,-1.0,-1.0,-0.037449993401623916,-1.0,0.5737909781663629,-3.9406890754325334
1.0,-0.5389994879952636,1.0,-0.1589090662830176,0.2417725048983017,0.5981695699833508,-4.430094852622285
-0.6656211730150842,0.3711869946396571,1.0,-0.44445161719873993,1.0,1.0,-0.2484092833764165
-0.9315346740559312,-0.588499750679464,-0.3971347671135802,0.20668154828848068,1.0,0.31128539814875666,1.8940593886176529
0.5148694317412263,0.45046988892801776,0.9896716960888199,0.23284551093938843,-0.03502494812013013,0.5284096426829762,-0.7030254833092975
-0.44920982289324346,-0.8649202511508207,1.0,0.8287123983467726,-0.6247388084070948,0.3799332457282155,-1.8015466311799533
-1.0,-1.0,-0.646241171615373,-0.18014446294533093,1.0,-0.2533678102749776,-0.35757277578409696
1.0,-0.020897521876981795,1.0,-0.022738514308890734,-0.09139839312941947,-0.7598681438965539,4.038854001656218
0.27212322428715024,-0.5287687012377817,-0.8044516022255125,0.18654276019695876,-0.24599320642026762,-0.8989778070804105,2.018576748147004
0.6444297878562621,0.02176466903054286,-0.3923946283848741,-0.1310848194829618,1.0,0.1000718684962909,-1.5843773103398275
-0.34486536694158043,-0.7668119689054425,-1.0,-0.7036148799336972,-0.12407428520766131,0.28329281092993913,-1.8937159071326546
-0.4393879058756058,-0.08976390520499561,-0.5397619659886215,0.07858374084650445,-1.0,-0.09743088050502302,-1.4262667494761037
-0.7197057752485261,-0.025309713346909568,-1.0,-0.9645945723928849,0.29352578812594454,1.0,6.281674838359366
1.0,0.503271758803788,-0.00614818520174569,1.0,0.7599444725328941,0.11345747620363644,-2.0432859334002855
1.0,0.6072722183568149,1.0,0.19624411065425273,0.6023422302408161,-1.0,-1.4773053285654596
-1.0,-0.3874719306133907,-1.0,-0.5620563861445171,1.0,0.5523034323104681,0.15365320398874602
-0.04214038549946564,-0.26881880111984935,-1.0,0.38490345831040607,1.0,1.0,8.339003434837224
1.0,1.0,0.3232068406238924,0.6319522229422165,1.0,0.7509217630944907,-2.898198533152697
-0.5572421294419476,-1.0,-0.8808869238881709,-0.36467718927503007,0.3790142783857912,0.36913054358036645,-2.2225008318837176
0.09712417446705623,-0.333451608558724,-1.0,-0.9178294633967881,0.06983313154938087,-1.0,3.720708187009372
0.6147066219311685,0.1441315317494003,1.0,0.1589301740381781,1.0,1.0,-3.871482011798212
-1.0,-1.0,-0.9477583084687273,-0.5045558884067822,1.0,1.0,1.9969237279546987
-0.30629839460105734,-0.47632821685861515,-0.32807615511090127,-0.22326806554611944,0.1655376295903983,1.0,2.6823168001166553
0.10537891260139334,0.6167503996874018,0.09085961443554269,0.7345383511313952,0.020701544921422066,-1.0,4.026301529552692
-0.47958492693195387,-1.0,-1.0,-1.0,1.0,0.19810672439089894,-5.615231568579547
-0.4560241974725917,0.9458334960293567,1.0,-0.8275631875215852,0.6393167252791616,0.7664624436407204,-1.0660120077347046
-0.8862604509381553,-0.9255804859804699,-0.5498524462532578,-1.0,-0.8198838032686608,-1.0,4.223771507947578
-1.0,-0.6918998119600431,0.7335702245668156,-1.0,-0.9197257102458876,0.045092728573340846,0.039315692228339916
-0.653810258988915,-0.6818303611221286,0.38391603522293594,-0.7071167797901233,0.18985386354810507,0.08032189630923159,0.285051303696953
-0.19719328426244798,-1.0,-1.0,-0.471159485690984,1.0,-0.33964067776476525,-3.732217516777718
0.6043270195876405,1.0,0.29233144155547053,-0.7896577431739014,1.0,1.0,5.271547802948394
-0.42817568609940604,-0.5070805872834026,-0.2254338960685447,-1.0,-1.0,0.8937507392248046,4.008933047555769
-1.0,-0.5605524793186614,-0.8231471866663759,-1.0,-0.7001053407188389,-0.7675346767207609,1.9931337047096824
-0.4267412454773585,-0.0602327994413101,-0.1125250531968528,-1.0,-0.12322276516743247,-1.0,1.2185215860907663
-0.2240679246115308,0.20229255341530616,0.06080420913813306,-0.3880929043921432,0.7834448591859167,0.5909042359701915,1.9161658974544669
-0.36255318278447546,-1.0,0.9054125220404118,-0.5809071486105513,0.09504058441039831,-0.8020878774947163,5.75898237956931
0.9475388865846077,0.842891658169298,0.7443909048477761,0.8399299160282365,-0.09751792128137018,1.0,-1.1935146685816123
-0.37615452102290203,-0.1843683224954209,-0.9568372477162821,-0.8600759027894034,-1.0,-1.0,2.0714010727082552
1.0,0.05346774642389951,-0.4700388000580424,-0.3522570061372361,-0.2632731927068076,0.034753751079971806,1.3616488399325681
1.0,1.0,0.3010361411336051,-0.03600423623250021,-0.03870918341517471,0.24742311028095698,-0.9839327156438018
0.3977232960941418,-0.12944957200122076,-0.2665999478014517,0.1479108569734532,0.509148497551304,-1.0,2.006125300371972
-0.32842366856044236,1.0,0.7509969214983648,-0.13491642882277433,-0.9119233883402348,-1.0,-2.9375681773676185
1.0,0.40175698398639903,0.3589283492346699,1.0,-0.944522705674029,0.44965798877224417,3.0953969058237574
-1.0,-1.0,0.18093700564642173,-0.41832969446128915,-1.0,-0.8955832708534046,3.2231749973815607
-0.4766218160426706,-0.3693606929029583,-0.3457008706616246,0.5493132208763347,0.03044140759144054,-0.04295514217923302,0.34680254199577837
-1.0,-1.0,-0.3568909048436921,-0.2620720239114313,-1.0,-0.1680572573173591,-1.9001428316722893
-0.012450780277500795,1.0,-1.0,-0.9636118981799245,-1.0,0.15886421483288798,4.752448914943146
0.47095817325094114,0.19707114394748182,1.0,1.0,0.4432432502713699,-0.7516851178447237,-0.6194312935985028
0.06935462275767335,0.08281406107396896,1.0,-0.34937391114817357,-0.4250043912194996,0.4230240959331699,-0.9615417306875459
0.3503749532502202,0.8752854589765415,0.3825299705906901,0.5267508290662939,-1.0,-1.0,3.342170739753297
1.0,1.0,0.21444887736832707,0.3035082435778298,-1.0,-1.0,7.177898806619006
1.0,0.33956288550879066,0.0938019368650932,-0.33199541199837346,0.5351879362960656,-1.0,2.622882190165893
-0.04569245797056304,0.5975342039404059,1.0,-0.1689202235925613,-0.8109487574192256,0.3374134931412728,-1.5157534015214988
-1.0,-0.9741647628848922,-1.0,-0.5301873771605135,-0.39695982083424286,0.6526193105801528,-3.4206633251058167
0.22206497927938676,-0.8581250928085599,-0.7471489064341449,-1.0,-1.0,-1.0,7.225819186133449
-0.5610992744256598,-0.6440543715783974,-0.6557470137129788,-0.19084658080902517,-0.6344113826287597,-0.9387066292100328,1.908402047986834
-0.10796885267259587,-1.0,-0.9306599298940523,-0.2942309343752935,0.5323491763750992,-0.9339440867969717,1.7681524287070114
-0.01735396451057647,-1.0,-1.0,-0.25215723347938357,1.0,1.0,2.076493176767733
-1.0,-0.5512233912381821,-0.2714817914272165,-1.0,1.0,1.0,5.584333657557446
-0.30263733072744475,1.0,-0.7359504053307483,0.6365184816755589,-1.0,-0.13888658055667252,1.8816314964342804
1.0,0.6408442355850759,0.7010563931823339,0.5194180442404885,0.08424642209803537,-0.29381620362627403,0.5617578518414867
0.21940244207301818,0.9312480817617137,1.0,1.0,-0.8069357439340025,0.05454051043703482,-2.8970265269704685
-0.5134808866975147,-0.7308324254415018,-0.1961610282442791,-1.0,-1.0,-1.0,6.071884997545457
0.4918895390916138,-1.0,-1.0,-0.7664850233540872,-0.1294135812232068,0.20204426745916126,-0.9038245454254428
0.046246763715203004,-1.0,1.0,-0.3491492251304403,-0.024659733491238844,-0.57392987303829,5.008867873665635
0.822302748196794,1.0,-0.027601722095893844,0.12108566963696737,0.28903672536831915,-1.0,2.9659126105936613
-0.3419763779768873,-0.5053936634789569,1.0,-1.0,-0.6442577200026736,-1.0,2.5624419932030507
-0.8501385009375608,-1.0,-1.0,-0.24584977304681116,0.9448129555582676,0.06264509574413335,-3.8380072302534285
-1.0,-0.2410990757814424,0.03900286328975722,-1.0,1.0,0.9941005027619347,6.856610316501664
0.447066563601063,0.3870385774598777,0.3874299214753231,0.7690875223569579,1.0,0.5358214689673061,0.3331602154743186
0.4504538373418552,-0.05181872018735295,1.0,0.05167623026730034,-0.20312409414698387,0.7039503024236501,-0.80179954358392
-1.0,-1.0,-0.16310749138693084,-0.07653829888592828,0.8917127131973199,-0.12009342655387578,2.364695105408825
0.8119622950573439,0.7823317371868022,0.05923881718978696,0.3144214547927301,-0.32205518668591715,-0.28711039656767556,0.4891001380584705
0.29751512998252705,0.01818739216126608,0.5253916054519183,0.8110858447677133,-1.0,-0.3741557367687458,2.3833968428425156
-0.6773119021413136,-1.0,-1.0,-0.8639085911369739,-0.4735729467079104,-1.0,2.068354316173422
0.06305469144967024,1.0,0.1718107555148065,-0.6278147968353791,-0.9443286097139955,0.3660506132677495,2.774111565453011
-0.8962829937023744,-0.1567124241878184,-1.0,-0.6856490111793259,0.03175014848186741,-0.5666507259587773,1.3337352808180913
0.33265025949897886,0.6064737491464951,0.36760740320695184,-0.4240108366930013,-0.4508466805116948,1.0,4.255172894888474
-0.35123936763730745,-1.0,-0.17980605515512416,-0.03500459330887212,-1.0,-0.33377633117908456,-0.3908928434683348
0.6772106557882458,0.3336740523775155,-0.1944452795008304,0.718626164631098,1.0,1.0,2.432456642061704
-0.41399327625851234,-1.0,-1.0,-0.02573692619590806,-1.0,-0.6927169153322497,-1.8269929315638933
0.9358834735449091,0.5005330701474013,0.01711771868867884,0.2962013740296141,-0.052547543936226515,0.05850596249641171,0.9695943225436859
0.03454730524057492,0.7458505037190717,1.0,1.0,1.0,-0.17476607934151217,-4.165367901786887
1.0,0.7047052688280293,1.0,1.0,-0.19395250568924294,-1.0,4.609523512041307
-0.17144490154819048,-0.9037074045532743,-0.5349361334714962,-0.7056434320844286,-0.45182408464469703,-0.42990389985532773,-0.35248179298381277
-0.2113865114452126,-0.3899709365845777,0.2039881196633846,-1.0,1.0,0.29336946644503087,1.6534283110601644
-0.011811857204579224,-0.14820857842090662,-1.0,-0.7317646126703883,-1.0,-0.5352421831591825,-0.2566040386177126
-0.09560314475657661,-1.0,-1.0,0.39162979008936394,0.12166286340632182,0.586863232048755,-0.5801384236900822
0.8426179012778154,0.8102215595920699,0.45662126903705436,0.9036350860342552,-1.0,-0.7236775677653507,7.100606775111261
0.7252914297645985,-0.5418804944908019,-0.5201258839513316,-0.56166726037138,0.13289459016807553,-1.0,3.385357337646541
0.4580643958338387,0.8352231690888179,1.0,1.0,0.026595282956829114,0.7117120536346223,-3.7317471443698302
-1.0,0.1525973500227812,-1.0,0.5002741483005152,0.947816873188688,0.4428397092927352,0.5742547111240112
0.26699376233168093,1.0,0.05768641140822384,1.0,-0.8694282570420445,-0.8471579898530602,5.069449745413605
-0.24193454813517234,-0.3461467759842608,-0.16041513540042684,0.6797877748611553,-1.0,0.08067922552061568,-0.19384761362389136
-1.0,-1.0,-1.0,-1.0,0.5616077413910181,-0.19896411555094537,-5.750365325525079
0.017883596138625446,0.7111706632363554,1.0,-0.41731248076569083,0.9184154338645467,1.0,-0.36479166586560025
-0.034147156086597685,-0.9034318083487711,-0.1106318007504361,-0.34430017238610483,-0.7298210980052486,-1.0,3.9096600548522313
-1.0,0.3080651434274133,-0.7519132898744608,0.19283209554967778,0.9054904573791207,1.0,8.630982827445774
1.0,0.6887619124755022,1.0,1.0,-1.0,-1.0,8.848499376663222
-1.0,-0.9875828898273464,-1.0,-1.0,0.22915213744500879,-0.24418365088410288,-5.742177098944965
0.5713267972712096,-0.24127915346392864,-0.6026753602845588,0.663302420234839,1.0,1.0,3.5072359629184495
-1.0,-1.0,-0.7724894543496759,-0.4247446598660234,0.22242235361833768,-0.123076428976518,-2.832435791015281
-1.0,-1.0,-1.0,-1.0,0.7772051894842529,0.3094293094231374,-7.3290347402721725
0.8117499330047645,0.4109943084199921,0.5348060026982453,-0.49383440883359886,0.31733682046904366,0.9534668814668338,1.5387706179918192
-1.0,-1.0,-1.0,-1.0,-1.0,0.9292644132939794,1.6689548207527287
-1.0,-1.0,-0.40244748044139045,-1.0,1.0,-0.46526958194966594,2.341856988312447
0.4059593569014632,-1.0,0.8036799929320875,-0.16185452635315245,1.0,-1.0,3.863397495441356
0.5116219649725124,-0.6918463438483891,0.6957190459578793,0.893293626778322,-1.0,-0.1890552594245143,3.3731573054055746
0.7580247261910267,0.611421321995458,0.48903178110917583,0.5039489369129007,-0.18196405571308305,-1.0,4.810733911085923
-0.5915315841800861,-0.6459698936144533,-1.0,-1.0,-0.7050351604938322,1.0,4.1917545105824345
1.0,1.0,0.6177997882835803,-0.10272466753958698,0.7532693222028419,-0.7743853828112998,-0.9505591766267798
1.0,1.0,1.0,1.0,-0.32414241338187966,0.901692552749332,-2.369138934599257
0.16546390572383185,0.6591279019297595,1.0,1.0,1.0,0.5126249764226316,-5.078225986588827
-1.0,-0.07378375757763056,-0.22618894764968414,-0.13252656782281913,-0.06817464217978964,0.4076800911372172,0.024085197270855008
0.2640902866299547,0.11787829163877495,-0.2517115002252829,0.870197621716888,1.0,-0.32799801622457836,-0.8895324259308663
1.0,-0.6045814875519506,1.0,1.0,-0.943120158409591,-1.0,9.203148251603302
1.0,-0.7197091588041652,0.5349750963637016,0.7594871351672974,-0.13151958737074182,1.0,2.5386772605145707
-0.30233549093993084,-0.7855915968217255,-0.19631750946892346,0.16441286821389123,-0.8048734535967743,-1.0,1.915720201593247
0.0034556248279325463,-0.16617096351153388,-0.6539357119590448,0.2773003937028841,0.5509948580481285,1.0,5.23339345370973
1.0,1.0,-0.5154866008545697,1.0,-1.0,-0.4397917581933083,8.753849685216705
0.1983526689827002,0.3293816491434043,0.5843409133956514,1.0,-0.3922403843315555,-0.5406513609693624,1.4822135355234276
1.0,0.4747685688035409,0.08452715926984289,0.6167495927716377,-0.3232434285348246,-0.773358007673672,5.249690607158541
0.8698723075332866,0.20496668834597398,1.0,0.020559037464018548,-0.3298032588299223,-1.0,4.030146068281359
0.654650591118159,-0.7441004387160461,0.08786164937647792,0.32348395446023537,0.843230809327544,-1.0,1.772922834453643
-0.38413960664924685,0.768972257486021,0.9333830594677403,0.434688228151915,0.12623287540086092,-0.5994802186640975,0.15668044938669562
0.5292441744701514,1.0,0.5275396616856989,1.0,0.4777601146029704,1.0,-1.6157490730150745
-0.5226210864415544,0.19810821259592015,1.0,-0.07525242435539115,0.3992746339195444,-0.8087968253486253,1.6251923679619333
0.5869588925546938,0.22917915976313497,1.0,1.0,-1.0,-0.9911744571551022,2.7789303189783574
0.6136655369206688,1.0,-0.029139067177805233,-0.18153335041929441,0.010009493596463859,-0.6551170801485233,-0.027972788991821873
0.7237666826818131,1.0,0.569228921057854,0.4600157630357675,-0.06918665073688912,1.0,0.36897670249834447
0.054460238770053127,-1.0,-0.2847022026215644,0.45061996422271045,-0.2826698422402777,-1.0,1.9351328527256166
1.0,1.0,1.0,0.5636455306009727,0.08272383921341031,-1.0,0.3825011614319851
0.8760650646332032,0.9720313852779802,1.0,0.8982787783666364,0.145283332565261,-0.3645872594373643,-1.3861045218815733
1.0,1.0,0.7342426012598668,1.0,-0.12763246235655387,-0.2183291020567939,0.15951251233372368
0.6792063342566877,0.9153415771664751,-0.10681928133130486,0.8170101276815452,-1.0,1.0,7.352094177779674
-0.4697004708408481,-1.0,-1.0,-0.8955324962497879,-1.0,-0.6252516246769363,1.7305283237398277
-0.8596830201669373,-1.0,-0.33904240494255117,-1.0,0.28514602501894926,-1.0,4.889238554148331
1.0,-0.9227508558743605,0.6036353216687238,-0.8678471845553029,-0.038961186279862337,-0.8676288078294148,8.685443556102557
-0.5210770341395545,-0.6571816860478163,-1.0,-1.0,0.37104993451150137,1.0,3.32622361087058
0.21266208526483732,0.3034300791367802,-0.30356741199481446,0.7471700014671094,1.0,1.0,4.599123340048011
0.6399753264851461,0.8761644547764713,-0.991248972729739,-0.4430495271909912,1.0,0.7318677787973675,4.418277488194159
0.7224822206383924,0.5371869816908155,1.0,1.0,-0.3465289084685731,-0.8252187102578039,1.665010428732255
-0.5305588293707224,0.3901948253698727,-1.0,0.305440575157241,1.0,-0.3527001434424405,0.4527642730744013
0.506723815279094,0.3608191465227579,0.2317863194446721,0.7681288019213821,0.13741444339568976,0.7482053480099853,1.033716650018525
0.22075745197140084,1.0,1.0,0.6769237935022847,-0.15509098673541322,0.152456034406121,-4.140016247075327
-1.0,0.023257788703332727,0.2653723943223334,0.002000184665234883,0.0961710362535606,-0.9524702795091787,3.590466587796186
0.2376442771175788,-1.0,0.1398468146360592,-0.9859304306852719,-0.64402844482273,0.22913372651265146,3.3315901204040723
0.09485967278358305,0.08931392155344353,0.4364861457507512,-1.0,0.6152475244928672,-0.8668538822787784,3.0683768164951
-0.15714810041883143,-0.49414412127777585,0.621648826295628,0.19156955668447084,-0.08346359557940741,-1.0,3.8146193926864838
0.053281743477636534,0.39730022877654914,1.0,-0.03750926272760574,-1.0,0.005050190286252559,-1.0482801923170195
-0.030104457167248078,-0.7821418286760102,-0.891666309400434,-0.37627318802764076,1.0,-0.33395232552179416,-2.8205491993102205
0.8574166449375666,0.33133340362321173,-0.6711518469936943,0.8962868941157067,0.5708406438813237,1.0,2.13394819844779
1.0,-0.39582543833127604,0.6169601864224468,0.6626661565754167,-1.0,-0.06783846818249273,4.7409320122778125
-0.051347954579596455,1.0,-0.3273497407216505,1.0,-1.0,-1.0,5.317972716253438
-0.30903127040143874,-0.3627953450041861,-0.5646269118573443,0.29254011952654846,-0.6230727201539421,-0.6022763739479065,1.4875626250169962
0.5388178648194346,1.0,-0.6099645877423141,0.02402339733519343,-0.8487011285176825,0.6068072766297171,5.329643516097473
1.0,1.0,0.6575690167222661,1.0,1.0,0.1840318838663647,-6.313665151475551
1.0,0.48517779847707865,-0.05537691642132059,1.0,1.0,0.6678301387964014,-1.660297787084574
0.4678932559005291,-0.6051012330759467,-1.0,-0.21382185117496283,0.23143863387363706,0.4677133484955369,0.5675010620395528
-1.0,-1.0,-0.5697065505766312,-0.32369616071451723,1.0,0.031274163454675735,0.0423586302672736
-1.0,-1.0,-0.1095750143804951,-0.3278687907992218,-1.0,-1.0,0.2859683428901685
-1.0,0.522863433552317,-0.08793572661451926,-0.9465467705403722,-1.0,-0.7808624717512804,-1.6612827342185397
1.0,1.0,0.943257502820809,-0.633403242549919,-1.0,-0.8692634595966031,2.6899261590491803
-0.20614731315294388,-0.5053130141342925,-0.5647027751780315,-0.4971813991680449,-1.0,-0.9739992211956884,2.0184731009225736
-0.6465055178794633,-1.0,-0.0657929334863805,-1.0,0.46318633300561574,0.6205600488506013,-2.0720309228977882
0.4818079746845405,-1.0,-0.03105075867921614,-0.0824757109895271,0.023482612394193636,0.9206699598506236,1.4035137225969845
-0.8541318176287327,-1.0,-0.08864567808604851,-0.7806022566615572,1.0,1.0,2.5199393112732444
-0.5586263665308404,-1.0,0.0729708935993783,-0.2586780464105982,-1.0,0.016936479465252813,0.6592380384408284
-1.0,-0.9188345801959976,0.9838202603044512,0.12891219550506672,-0.13927968727244133,-1.0,4.592990406719775
0.4222398127602742,1.0,1.0,0.36073373221922805,-0.987838576494882,-0.90999278039317,-0.25677205673352616
-0.0963682067619307,-1.0,-0.8293473983478896,-1.0,-1.0,0.3249864279808414,2.483684011198022
1.0,1.0,0.13129779620685178,0.3107685319144897,-0.18243766649481533,-0.9849285252243265,3.9827992018895277
-0.16430258268514697,-0.5156755041000001,-1.0,0.278818621208608,-1.0,-1.0,0.5457579293433893
0.8634224180883019,0.17942939620841475,0.07007023608453661,-0.028377853637929773,-1.0,-1.0,5.343166558771121
-0.2915771584851061,-0.4976673769569042,-1.0,-0.802731106210228,0.2564402920597587,-0.41461125298587004,-0.27038504457403106
-0.02127001713644594,-1.0,0.9304604326526354,-0.03186931326869519,-0.18815937643476183,0.987016436107096,0.5109410632626381
0.23056871117599576,-0.14938893273664866,1.0,0.6134971153599657,-0.19065946686241297,1.0,-1.4949807010352933
0.9214602148788782,0.9119742835239213,1.0,1.0,-0.2813541818812094,0.6928718173798436,-2.4233972815138416
-1.0,-0.07332011670748173,-0.17130766722898016,-0.6070796687402635,-0.49706093382015526,-0.4654411057925867,-0.32711531075786004
-0.2654908221257344,-0.23180513695180588,0.1405501224050224,0.08652874216031115,0.650284623421701,0.25665533902558346,0.2592737569694241
-1.0,-1.0,-1.0,-0.26632057293029043,-0.5480599310552875,-0.708922779041516,-1.9984060518220033
0.9593906317266732,1.0,0.07894867087785706,1.0,-1.0,-0.5484541819271854,7.210580228211431
-1.0,-0.9345180836040289,0.10303461177452533,-1.0,-1.0,-1.0,6.602789317320127
0.2923023095717532,0.9387008273053035,1.0,0.10586014468493365,-1.0,-0.3347338951534031,-1.8360414343951827
1.0,0.13664191423937,0.5134589328906911,-0.11018199690492866,-0.09794278565235814,-0.6000399114468357,2.4306163565096366
0.35257761516805797,1.0,1.0,0.5962699610239974,0.494952610114858,-0.21256056728924488,-3.914464104770586
0.5203912924242725,0.48326997377871594,-0.5253043966396522,0.7179382158347632,0.5100795058870402,-0.06525802663083907,-0.7690085763052612
-0.12537069344121887,-1.0,-0.5636112910299306,0.70466329789557,1.0,0.17840466310430703,-1.5230863287565743
-1.0,-0.043415445953475296,-1.0,-1.0,-1.0,-0.1064145521561608,-1.858146843047279
1.0,0.5035698874474897,1.0,0.46544773029051334,1.0,1.0,-5.845979409813428
0.0887636889740393,0.7017650124928663,1.0,0.37005523500869875,0.10096564927915785,-1.0,0.5288442131076556
0.8280149594391968,-0.74073533157573,-0.19684941887080942,-0.10121084472329564,0.21986885850277066,-0.2706583086203361,0.06909506991589917
-1.0,0.32365429390742345,0.3669723658792503,-1.0,0.24438264944423205,1.0,0.7458624507436378
0.9119136433061873,0.9932996432065644,0.7982931605959626,1.0,-1.0,0.80136805609657,3.469127741021454
-0.009897285447063364,-1.0,-0.1003885816053649,-0.059243920918293114,0.061126210983804774,1.0,1.1864170512870558
0.6437225433276021,0.17718398346814668,0.5331606701048118,-1.0,-1.0,0.9505854742003026,6.648186947856759
-1.0,-1.0,-0.3459410046823884,-0.5445515569248074,1.0,1.0,2.9459076870287113
-0.3791981392205507,-1.0,-0.6916877421997656,-1.0,0.8193974192083187,1.0,-1.0957988592308845
-0.44234192556360596,-0.7751436573267406,0.3316535006599018,-0.42656375176131944,0.5227081095411306,0.49732990134873034,0.25959427714498
-0.10224679060203534,-0.173169014816877,-1.0,-1.0,1.0,0.5520682620483427,2.1021302720552546
-1.0,-0.06224610549110454,-1.0,-0.2582693806692253,0.5338869929498622,-0.38600594282909156,-0.3082279807541706
-0.5463385538941776,-0.29121960057153434,-1.0,-0.4755561478664492,-0.6033590835398827,-0.14181919934021625,-2.0834650481085846
0.10722587853735988,0.5758102994278702,1.0,0.9399502812292456,1.0,0.6168327967971765,-3.6182678570821794
-0.3149741761164663,0.5582092786389197,-1.0,-0.1286139300582032,0.15659841541623792,1.0,8.782880849177182
0.8376871567565052,1.0,-0.7929896829540856,-0.46676493107274764,-0.465771741778433,0.2785701027027892,4.616030026773219
1.0,1.0,0.5859001193126319,0.5903723976470319,0.1222557095893797,-0.7666665117164169,1.6249746040004667
-0.6613441343245983,0.5531361427921127,1.0,0.668342805349379,-1.0,-0.5727558935479474,-0.907325460852854
-0.92979863331271,-0.7454048318431189,-0.06350069144322153,0.0618110786018774,1.0,0.2787495726427016,1.2098711531128048
-0.0689139433861421,-1.0,-0.28817067428787757,-1.0,1.0,0.9999884457175512,-0.017068573200335446
-1.0,0.29234696231692103,0.2623399285220216,-0.48942286285981984,0.8917921162038531,0.12686624412897074,3.1908317185249038
0.1452714144402727,-0.9879009794794654,-1.0,-1.0,-0.21309544062337962,-0.13593457212071902,-2.3859194602535645
0.5242412424047886,0.6579840893962463,0.8566673893984824,-0.3621692397445898,-0.5804499660285523,-0.2570471640450611,-0.101431946673817
1.0,0.778100224599773,0.5614006102487537,0.24524801196148482,-0.9520442174938305,0.9360503241522132,5.210861793926642
0.2839264571734652,0.6356073214083751,1.0,1.0,-0.956320508816938,-0.5527576599836643,2.0379408485290473
1.0,1.0,1.0,0.46729417784312344,-1.0,0.18540410668366997,1.9681666836481604
-0.14638334759823612,0.28310348979952865,-0.22294461100387908,-0.4976716868891962,-0.7090772192044377,0.6553626435393909,2.3817752780140706
-0.733056007960559,-1.0,-0.9083482246104807,-1.0,-0.5636058927168921,0.8990970496799756,-0.61342267283251
1.0,1.0,0.5075552703844939,1.0,-0.3226083285367265,0.40790339868474457,1.1482483017252076
-0.5810576289609558,0.9376235171049584,-1.0,0.9066730487421043,0.24754327095374762,1.0,8.511489869567713
-0.8317775759534671,-1.0,0.3210754192401131,-0.7987129139687712,-1.0,-0.9239461533457711,5.534950764543605
0.66869220993402,-0.689251488387264,-0.2338751125528427,0.6846946533773112,-0.5561381271206656,-0.2730891689474608,2.20101846803468
-0.5746932769687829,0.4235508151127114,0.8695104629517343,0.37353082183856795,0.5920845537940708,-1.0,2.8734790023511803
1.0,1.0,-0.48044169140197396,-0.46360777743532,-1.0,0.2677250388435154,7.532295765510171
1.0,1.0,0.47937426826042484,0.2797317644970996,-0.0016043821716996698,-0.05933127458710924,-1.6101892951088148
-0.30347203025771274,0.21442419306584015,-0.2864487581285315,-0.35569991498271747,0.28391619053696204,1.0,3.724658643653884
-0.0765251501554512,1.0,1.0,1.0,0.20143863353595082,0.5110033203318041,-6.092040128953261
-1.0,-0.08902888465386671,-1.0,-0.7300538569604726,-1.0,-0.2967866933876706,-2.299485113752883
1.0,1.0,1.0,0.9204336578324429,1.0,-0.5869971441838244,-5.508395487426731
0.18888465623236378,0.4574417011721472,0.05524429386636759,0.8054163945957538,0.43951690592646814,-1.0,3.6763614834157514
0.9607554218108467,0.5624027993709775,1.0,1.0,-0.35801557445821186,0.4114116498189561,-0.13654327578504327
0.10379189555973922,1.0,0.2856753832618971,-0.3678023259352924,-0.6684968888602769,-0.09164642515683186,-0.40405791649606804
-0.27165592826281765,1.0,0.4879895207305054,0.48944159913902857,-0.055625452997315916,-0.6102158258214554,-0.3523281030958222
1.0,1.0,0.6604455162935827,0.7099593639772456,-1.0,-0.27441003181099677,4.049572689994051
-1.0,-1.0,-1.0,-1.0,0.22100998749525486,1.0,-2.766512192756856
1.0,1.0,0.08960763978206221,0.7017573382311014,0.5663871634870623,-0.3090052247994782,-0.9156404711541747
0.22570667796411337,-0.24327796314190991,-0.289414834418227,0.13695348968255924,-0.7588105186175989,0.9331682941980164,3.9044636536954664
1.0,1.0,0.8493743820758882,-0.7003006561816771,-1.0,-1.0,4.244509286441337
0.9644469004718101,1.0,0.5829579283761308,-0.2347357894599661,0.0020407859686722984,-0.34916042742843933,-0.8988151864618048
1.0,1.0,1.0,1.0,0.4311124763676255,1.0,-7.811610203861579
-0.3258431190717626,0.027030703671897957,-0.8591542081260776,0.723467742751631,0.24580870057829962,1.0,6.291600002529686
-1.0,0.49191071525207186,1.0,-0.5745004625758894,1.0,0.2937677920085373,-1.888997560729365
-1.0,-0.1518069498247659,-1.0,-1.0,-1.0,0.2963031456745615,-2.3167134385192596
-0.3992009018369982,0.6316797663297217,-1.0,0.0901526502707945,-0.8195827547558671,-0.8098487986368681,1.0433501522441013
0.8155693648613644,-0.3870080059103895,-0.033393478805202215,-0.25461885839994564,-0.7252426083365687,-1.0,5.854151061027271
0.40703108840717483,1.0,1.0,1.0,0.19496132484941886,1.0,-5.718250075853295
1.0,1.0,1.0,0.6283334267584358,-0.30717945948172826,-0.9804082806830546,3.5585705233046916
0.5434209522118667,0.3011546170121644,1.0,0.6307387736862522,-0.9410686613470043,0.08108698744718135,1.6468630216817166
-0.9990668016864417,-1.0,-0.9144776747619654,-1.0,0.030858351778477122,0.8775262675563936,-4.478535637104006
-0.7563522752851374,-0.771740112826909,-0.42892286641436594,0.24014022921707617,0.38214246874996616,-1.0,4.044645233103151
-0.9732408060919235,-1.0,-1.0,-1.0,-1.0,-0.2480168343983511,-1.016640894815775
0.7826418955837258,0.966698702006094,1.0,0.01524033029964933,0.6379687661057454,-0.35500327731834014,-2.843824772238155
0.24863228058446374,-0.5539467113788457,-0.1903094547673052,-0.0362100773979408,0.017152864537631984,-0.753195968901663,1.869836917946246
0.6696396780735626,1.0,1.0,-0.517056208732855,1.0,1.0,-1.8565317164378574
-1.0,-1.0,-0.5117811823750671,-0.2270006033381443,-0.28292107704863423,1.0,-0.05425885042892509
-1.0,-0.7184009987716362,-1.0,-0.18258224774478482,1.0,-0.7526197794905994,0.9310927564411965
-0.3283768769390132,-1.0,-0.024083046510940953,-1.0,-0.3401605145644605,-0.7765116995765908,4.668996681191508
0.5100642361397025,-0.641731388948107,0.20800935157955122,-0.11370798865394954,-0.13732662216863822,-1.0,4.7098386703692485
-0.37932199709195324,-0.9150903495280522,-0.8464062503770504,0.25916524691896914,-0.6925590043624412,0.22356105339643306,-2.460264949980155
-1.0,-1.0,-1.0,-1.0,-0.3981002696070237,-0.013518281393883724,-5.596243867325038
-1.0,-0.9135497739869145,-1.0,-0.2082777437151473,0.41655401938509184,0.9501653884599375,2.8285959385587223
-0.5762011395138524,-0.8585147049817985,-1.0,-1.0,1.0,0.04017749622966049,-4.167142943064428
-0.8988103144032707,-1.0,-1.0,-0.41559004296788526,0.35158154198159297,-0.0003336493485919245,-4.902848736870078
0.4481640404394298,1.0,1.0,1.0,0.8042361893352366,0.4543463206872538,-7.284066835360532
0.16446026624737886,1.0,0.2842941239233815,0.862921592518384,0.5902195212103512,1.0,1.6424665889873165
0.9687323513399801,-0.2832070726862631,-0.5092019211851151,1.0,-1.0,-0.42884525620348724,4.4060811593698705
-0.9357496024263674,-0.47261030422045436,-1.0,-1.0,0.3137415528912282,0.9041830044159225,1.8288146427737388
-0.8428317202418006,-1.0,-1.0,-0.15132634720638216,1.0,0.05588581067705989,-4.674534907363892
0.48391689194964593,1.0,1.0,1.0,1.0,0.40097916390807686,-7.897208494261351
-0.4434908003559928,-0.10031399585402606,-0.5946840877226733,-0.4291301024188756,-0.4925444991589945,0.2521078492830965,-0.10794680350763947
0.14144858486057377,0.7489183408542219,-0.7296318558042596,0.4922373862041085,-0.28660536795901514,-1.0,4.043959066883392
0.9869565002390198,0.8331921377675424,-0.22028072419421318,0.43005678606825837,0.15816799662582143,0.963803798872916,2.963782874010842
-0.3688784966733274,0.0565136423689217,-0.524847257865535,1.0,1.0,0.25171045305946765,1.3576166121616424
0.32441081021813967,-0.009919652658434641,-1.0,-0.6126706410925156,-0.17352765802918935,0.29420703015473715,0.3002917016775174
-0.22314304763988174,0.860734903900007,1.0,0.5106688068864573,-1.0,-1.0,-1.1421788375070847
0.1492106812181606,0.13280252938971204,0.5993293896004901,0.7362376510235924,0.2349080012887459,-0.05873286319294374,-0.25920322707445537
-1.0,-0.49774368667355273,-1.0,-0.5211193085199124,1.0,1.0,6.349709233654548
-0.02591576736018858,-0.7658825882592197,0.11589261420032831,0.2044703846436845,1.0,0.7217334429692822,0.4453257173082501
0.3868674158133924,-1.0,0.14923511342893891,0.3556876547622484,0.4161198900575088,-0.49085429901445776,0.6691899327980874
0.22616288090725067,0.5997517743956862,1.0,1.0,0.6011393860563575,0.8331677702195953,-4.11407626225406
1.0,-0.34327018436395096,1.0,1.0,0.2850120523905204,-0.09770420763854915,-2.084329705430716
1.0,1.0,0.9778528158872289,0.5144863638550053,1.0,0.5401907621626041,-6.374503921979516
-0.2926092214911927,0.03816020913364149,-0.1627934834279644,0.6240289431345356,-0.4443959966680861,0.8216927088244881,0.786148675614835
0.3784508360484664,0.42008756506927264,-0.5385297809561718,1.0,0.29129032514584385,0.9646466526368215,3.310542089434381
0.15062867751426234,-0.2776058007415396,-0.7827719686940044,-0.14750129875349427,0.5813346682256042,1.0,4.640151523751396
0.9535416977746425,0.7235261760470075,1.0,1.0,0.318309188606558,-0.5102639383386132,-1.088514614913993
0.1302654471264546,0.21512926581137698,1.0,0.32044942744894905,-0.18181953680843965,-1.0,1.920876095940474
0.08101597236040847,0.9210555387688426,1.0,0.36957792904751324,0.8351607293031826,-1.0,-1.8942056657537787
-0.21320640088681675,0.09938937734701841,-1.0,0.9890267093036514,0.6757244082144769,1.0,7.532707664992825
0.8615979462771064,1.0,1.0,0.6840353203055389,-1.0,0.38904443063161787,0.9116617911804321
-0.8653363073293961,-0.03629588355613694,0.9290468288760985,0.46822863034975615,-1.0,-0.6348898429064067,-2.609431547660339
1.0,1.0,0.09784233236623158,1.0,0.6195320603053118,1.0,1.6877367351683759
1.0,-0.10763993699245278,0.10833440363057534,0.9314363675414828,1.0,1.0,0.4296985443373017
-0.0020584873504467804,1.0,0.5666606416317743,0.46600629785995695,-0.4156021628176593,0.910266846970738,0.6011537145586927
-0.96053626394133,-1.0,-0.04532897867891328,-0.8981288757674011,-0.7256904627075997,-1.0,4.779822722426328
1.0,1.0,1.0,1.0,1.0,1.0,-10.027890941981921
-1.0,-0.11179404904143114,-0.1647619682574133,-1.0,-1.0,-0.80233986296338,0.2951822331644949
0.42476934916678755,0.03247757946018415,0.6824480255060401,-0.15986037772787606,-1.0,-0.8745697259653535,2.927946334563108
0.20461989525718982,0.8665739595028492,1.0,0.4538310724115787,-0.7877275031668804,0.12882711551569104,-1.238099232067425
0.6642779823539624,0.8060667057859483,1.0,0.16654140640212245,0.8708152127334527,0.589899260216715,-3.5697172258489727
0.14950751883442798,-0.02986713205443603,-1.0,-1.0,0.3906562055795946,0.12344114295558761,-0.6294796696479584
0.07467627065309951,-0.5883040248225424,1.0,0.5574209669256416,-0.6439811433569088,0.5772262767469036,-0.2549167407773859
-0.7059789494086337,1.0,0.7536473307822327,-0.19673645940803508,-1.0,-0.3514753652168655,-3.8438728441988967
1.0,0.767337989390604,1.0,0.1506849740719364,-0.21884191834256833,-0.06312321646772992,0.5286688803494358
-0.48968477090460405,-0.2147998770483659,-1.0,-0.7024192141820188,0.9667579908032791,0.694857696193915,3.1837523449618446
0.6686473825489798,0.7855734383547911,-0.4911839010811946,0.5216860902950186,-0.9787065025397831,-1.0,5.494026961893312
-0.5741829358460542,-0.3792132291694561,-0.8408099178287606,0.9037018132580477,0.5870986500312361,0.7439633102849507,3.888427689940416
1.0,-0.9868142983215467,0.2308257768941322,-0.404643159159985,1.0,0.22137884106158628,-2.034060688364879
-0.632710203279566,-0.6090635244742624,-0.6317187411664371,-1.0,-1.0,-1.0,3.8011429517836968
0.7249233954044729,-0.06929646479058177,0.8162860913856327,-0.6726253509705662,-1.0,-0.9962449846076737,5.623768342322777
-0.7220880612576821,1.0,0.09215044500329872,0.19603784822188358,1.0,0.43039823582792525,4.437551684438009
-1.0,-0.1454133814390801,-0.5571103981127943,-1.0,1.0,-0.06763617551777708,3.185942013541684
-0.013886629006284179,0.31682456620383337,0.5658838793900327,-0.36856713818614895,0.521852176476274,-0.14125776492136494,0.006834760038079021
-0.20444277271055858,0.47382035981929127,0.5023476182390232,0.9879021593970987,-1.0,-1.0,3.3089909527855723
-0.6758477912697985,-0.4838267083804547,-0.0369506145443573,-0.8772408607140336,-1.0,-0.002043876468535988,1.6040721435167504
0.056648959408714505,-0.3845673379690428,0.5513271132059451,0.2668526334172899,0.282462392853959,0.8455123908224003,1.3049932733172038
0.5247839742504271,-0.5592443417312694,-0.2218144951455836,-0.8996249380179945,-1.0,0.10254783300140058,4.5075481684234076
0.17831492869999366,0.3502024443370485,-1.0,-0.47530622523859845,1.0,1.0,6.886758527182668
0.7796326933219848,0.6018511753174695,0.5850993542960929,0.2626070919081953,-1.0,-1.0,6.170659180233856
1.0,1.0,0.7374959457690508,-1.0,-0.3850771772472591,-0.2033864364074658,0.7707477350774614
1.0,0.1669003295178937,0.9725840282565016,1.0,0.46460217836639683,-1.0,-0.7582592711554049
-1.0,-0.4700161639710345,-1.0,-1.0,-0.7062012642164278,1.0,2.906792112606555
-0.19317529085838395,-0.3070444505500949,1.0,-0.433487616905286,1.0,0.15887858401732635,-0.7630650615063875
-0.09666850197610287,0.5447195509520035,-0.41029397310248716,0.6617959031282887,0.5544136013102956,0.33450896309509914,0.3367266019449381
1.0,1.0,0.9973594809295809,1.0,0.9688234375551934,1.0,-10.008340768653174
-1.0,0.14042871557660108,1.0,0.5584946081163895,1.0,0.2148483314867493,-2.1883862578293027
-1.0,-1.0,-1.0,-0.02660253371648924,-0.8892599926148418,0.8852203517502681,-0.7976475289282109
-0.9738434235678892,0.35185474980911635,-0.7066596268340305,0.573212636633425,-0.5549956263285434,-0.18434959663618322,-1.1456853158232456
-0.8291871687476382,-1.0,-0.9845619930447067,-0.9236150879548937,-0.0064811004985672604,-0.9801645302782558,2.5144535402151833
0.7985920853137349,0.23987126823603744,1.0,0.8661717901426729,-0.7314369200938482,0.37060323304675946,1.0180586002431105
-0.23660410530234482,1.0,-0.43696412775268223,0.21619613315623165,-1.0,0.5215384809160231,1.4241753784209823
-0.9547213817440006,0.2853152348670033,0.20935246732605756,-0.8638113858615186,0.8589507185838895,-1.0,6.75577254330946
-0.07292015982134392,-0.9882125746997437,-0.570353009288072,0.5409160034079745,-1.0,-1.0,1.8080904812778535
1.0,-0.6852017319534168,0.6365097341716406,0.9505525497869493,0.7617967774232504,0.12094663090228375,-1.9092092744541054
-0.8801142033346228,-0.0466901309119967,-0.03564753089449546,-0.7935652968965587,0.5985944826695935,-0.23177689259377882,2.152449813288707
0.013688351771572238,0.692239568719397,0.8550365599551535,1.0,-1.0,-0.4789642242435606,0.8184744841607885
-0.36171417017562224,-1.0,-0.15970433693618286,-1.0,1.0,-0.8206211767148194,5.397518661389278
-0.02500638123742077,0.7143712908890923,-0.13295114684934986,0.8062744369208895,0.17889999743513924,-0.6523495312863627,1.282658657925227
-1.0,-0.3646521266722289,0.15968888169219886,-1.0,-0.701540018266702,1.0,-0.5821231732521057
-0.4415818192201599,1.0,0.8136580751025436,0.3798507689009364,0.799518910666868,-0.04498650721267172,-2.800042405194614
-0.931921288998475,0.6803706178901168,-0.06204146855773679,0.2897169017361336,-0.49430468798709587,0.40658777701677795,0.09757321204174763
-1.0,-1.0,-1.0,-0.8267176719031746,-0.923409172913376,-0.7710143707345467,0.5530292766947292
0.6122380055542478,-0.19186695868927517,1.0,0.6471824637721328,0.2535973918453823,0.1902046893453213,-1.4395759463775664
-1.0,-0.7561744108813362,-0.705695362236594,-1.0,-0.9362512269806257,-0.2385396207744035,-0.665553467275932
0.7808967429333462,1.0,1.0,0.2669543452449432,0.005099547997522436,-0.2507731080342359,-1.7464173968210208
-1.0,-0.14622759205500468,-0.1096317172071663,0.14654251358356496,-0.7508070395541414,-0.5122311222460191,-0.7027445260686945
1.0,1.0,1.0,0.5454714399565492,-1.0,-1.0,5.684992559436552
-0.7842228914121377,-0.6218614182193267,-0.13985004341974816,0.07999996938689496,-0.5214310894475978,-0.1375894518717749,-0.9758261146974944
-1.0,-0.4202256362680057,0.2767962942819769,-1.0,1.0,0.6619362191343463,4.5417729453548095
0.5266809432712627,1.0,1.0,1.0,0.9674851578932311,1.0,-8.357185218962497
-0.7524547716271541,-0.8927107580949676,-0.9828831164849556,-1.0,-0.23051027181586214,-0.35926238572491886,-3.725663262926738
-0.25107763533464245,0.14978423432870386,0.6572752460348399,0.4330585473423392,-1.0,1.0,0.0721838263010646
-1.0,-1.0,0.25972687176236564,-1.0,-0.20422104314756617,-1.0,5.8082716970306185
0.7601934572567903,-0.26540006820868045,0.8130531229669923,0.7708915370912393,1.0,0.15840150764271704,-3.619286881624447
0.06991886355503207,-0.18625723779366368,1.0,-0.3494873488639614,-0.7899683371072794,0.46906965110868193,-0.09278593762981502
-0.6653813798043895,-0.18907320170479813,-0.459408999630878,1.0,-0.21515925624680593,0.7412678338248702,1.1514338580426742
0.20473490158181704,-0.6129979646768333,-0.0639172431289371,-0.6671283258379277,1.0,0.38129433634294396,-0.6714389688843138
1.0,-0.0301654757676455,-1.0,-0.6495468411073906,-1.0,0.10962723930146323,4.418997970165949
-0.4228293174834783,0.5044166573530212,0.11926797742396156,1.0,-0.47571205263922967,-0.7375239548592927,2.027727589754329
-0.9230404309492117,1.0,-0.17250337491429807,0.24155968759744315,0.5302674602416679,-0.04560853048591523,1.8102726567608542
-0.8244649887149251,-1.0,-1.0,-1.0,-0.4504665427572835,0.5769199108238551,-4.557156922205275
-0.13617333461730655,-0.6423588098606914,-0.7748529894655111,-0.37894069094165383,0.4750197971312988,0.9035266009651141,2.7474013445652945
-1.0,-0.35229496067545585,0.5767987468885368,-0.2745547620453326,0.4420834907347754,0.2023161173375992,0.5297993741936515
0.9956989362912962,-0.5652364116313358,-0.1166927607524133,-0.2744667316265098,-1.0,-0.38443808888979014,4.2120365092173255
-1.0,-1.0,0.7302003911635748,1.0,0.4848983803028587,1.0,-0.7835877636994677
-1.0,-1.0,-1.0,-0.5409667877120836,-0.8526635393395695,-0.9546614064681238,1.9649787788925805
-0.04991574860594328,-0.5329147741300815,0.20362845819173342,0.2097631387394825,1.0,1.0,2.501110679131487
1.0,0.1301102537226857,0.9478697963575612,1.0,0.8904370111451997,0.36446052867738155,-5.471701021960841
-0.14483713434284762,-1.0,0.8215485477093966,-1.0,-0.9594198833983476,-0.025067898211848794,5.71417443435171
-0.45442868970074435,0.11545424860945247,-0.9761160122387225,-0.04555207980857087,-1.0,-1.0,0.33577312193248066
0.927699153722454,-0.3710742044367274,0.37932661513514954,1.0,-1.0,-0.1289208327312794,4.305628526090732
-0.0016842043185885114,-0.39066939220054553,-1.0,-0.7841038083065328,-1.0,-0.011707898976014153,0.32593929119988796
-0.8760744470378903,-0.7923913059310937,-1.0,-0.31948174591775197,0.4938530057259607,0.5057480128045647,-0.6291554870354875
1.0,0.7058746033336045,0.5622568114616099,0.38178265669151434,1.0,0.2219481806424916,-3.536698344419536
0.6565657860702498,-0.6525538356926728,1.0,0.2757089499565488,1.0,1.0,-3.8626853293168635
-0.05628303200438789,-1.0,-1.0,-0.9869784642689092,-0.72079141568578,-1.0,4.793791389856975
-0.15271508024563452,-1.0,-0.01460722325862751,-1.0,1.0,0.5677076714610068,-0.16929120159220792
1.0,1.0,0.1801544267580344,1.0,1.0,1.0,-0.598460680054556
0.829255716539321,0.17847128150750735,-0.15199465817953328,0.31130575249616865,0.8293128325252442,1.0,1.396666010757491
0.004495439718767813,-0.15524089124725543,-1.0,-0.7646231591413166,1.0,0.01717981455483164,-0.9460174263009142
0.9104481543552796,0.8569657037009016,0.7549780082733649,0.7776516575362541,-0.9025411546146933,-0.12085909059778638,3.345737575570032
1.0,1.0,0.6831964566097994,0.9543349154902958,-1.0,-0.4302031312379926,6.1328030760577565
-0.510650229703969,-1.0,-1.0,-0.7189029668836242,-0.11155385947936969,0.9458719522210888,0.5056354540972819
-0.13400791888162122,-1.0,-1.0,-0.8017779928851294,0.6459585548740319,1.0,0.4555315280516937
-0.1592668107274877,1.0,0.4098997861378858,0.6148868823067009,-1.0,-0.8829826815362068,0.48477122141091467
1.0,1.0,0.36217732448185647,0.4764906047914692,-0.18462817219427055,-0.032833322136069376,0.46003092072959745
-1.0,-1.0,-1.0,-0.14135457717261843,0.8814820662915599,0.7304008636318691,0.1410354847858717
0.8677168063411489,1.0,-0.4932353441347226,0.5293115306818149,-0.2843306094601219,-1.0,4.593970217572011
0.13307823752823045,1.0,1.0,0.8029675487194858,0.8739744066898314,0.9508000976317617,-4.446982704040821
-0.13292608186376914,-1.0,-1.0,0.32352966424948354,-0.42559162991332644,-0.739395230572528,-0.3347425865656346
-1.0,-1.0,-0.2000957562630059,0.09690037789046069,1.0,0.29041018123947615,1.8378731979257514
-0.2853931594946361,0.8670364666977635,0.6087929876499318,0.794413893656758,-0.9018957761434733,-0.4895188504484646,0.8264400833034368
0.5151053632675089,0.9489962179697395,1.0,0.6295394032630623,-0.34792943488376027,0.4925465998781195,-2.0250493485556835
1.0,0.3816028108493006,0.08275884288052393,0.16101958102627018,-0.9329425523587241,-0.776484774033828,4.19514654522132
0.7833213067866338,0.9989792286430501,-0.27184777592467135,0.9458443344716543,-0.600750029692956,1.0,6.3163810808958605
1.0,1.0,-0.5178202422056825,-0.15451878231081861,-0.0112618697013257,1.0,6.647691195232004
0.8147875637342231,-0.48968410559468617,-0.29053357178879324,1.0,-0.5715778755021239,1.0,5.952547676336821
-0.009567386644498743,0.6399183947877228,0.5789365162585524,-0.552710366296515,1.0,1.0,4.229802036469746
1.0,-0.8426267609440813,0.9469607297973754,1.0,1.0,1.0,-3.248840439156188
1.0,1.0,1.0,1.0,-0.7963637709198398,-0.3562725022449763,4.845129743837169
-0.37302352239956926,-0.17272307836181444,-0.3964429817463062,-1.0,0.42506901174068146,1.0,3.792036887522519
-1.0,-0.6146360883111436,0.05061195120034401,-0.853936853414214,0.14190515066972254,1.0,-0.6019505990144938
-0.8228102691569927,-0.33208727281332795,-0.549251798596159,0.31632792051353603,0.2284830110791205,0.3838525072869815,0.5027596641107533
-0.010939548923581927,-1.0,0.337534552896619,-0.0005502128757643998,-0.5792467436917382,1.0,1.4703495291458868
1.0,0.7606732103099356,1.0,0.10386011960829244,0.5230902205803767,0.35181601999655904,-2.900644445393026
0.2669976132358389,0.028958035420946437,0.4537074207353464,1.0,0.34248243599400874,1.0,1.9418921010761823
1.0,0.09800079557524177,0.7578797432517836,0.5630415201247716,0.014724236415946501,0.301323578015388,-0.20772681945386706
-0.6443295424338324,-1.0,-0.47631111229549783,0.8626084021771756,-0.1962897782967981,0.39861857656469196,-1.0376531504563404
-0.6852712650024146,-0.9648979157019786,0.344547678020674,-0.3908756993399334,-1.0,-0.17779670415340298,0.2255524725804735
-0.9190586178404034,-1.0,-0.154947176268184,-0.12596838492763163,-1.0,-0.9495271570738295,0.6979645915763113
1.0,0.9301689759259768,1.0,0.7743560399428377,-1.0,-0.0040658329737274235,3.779134518586983
-1.0,-1.0,-0.8362452983377684,0.003855353047303778,-1.0,-1.0,-0.6944731683091917
-1.0,-1.0,-0.865773537413163,-1.0,1.0,0.012797206608520628,-5.320936737285524
-1.0,-1.0,-1.0,-1.0,0.39253508272314186,-0.8328989150036346,-0.5211439865752423
0.7867457854107619,-0.7638438779927279,1.0,-0.2512455304070691,0.09947332912368635,-0.4778077300461555,2.640973767452203
-0.8268468929325204,-1.0,-0.7384421019922124,0.5656668984893118,-0.00244399393381739,-0.4126964595314661,-2.853047995746559
0.004201312272531954,1.0,0.8040377596771469,1.0,0.7924048374176229,-0.3144124080762097,-3.573280799622245
-1.0,-0.578912347692967,-1.0,-1.0,-0.8501403660439946,-0.03443946377228069,-2.7568235074612066
-1.0,-0.5616058642558384,0.845152834412208,-1.0,-0.8392407869937566,-0.2728783207553091,0.4457972406187821
0.6019958335044243,0.4850146783249251,0.39739541405796897,-0.02747636243099727,0.5830674981307636,1.0,2.6460920661873564
1.0,-0.566700116294085,-1.0,0.19743628158830595,-1.0,-1.0,8.098370578523477
-0.2519739658144957,-0.9923472615413915,-0.7164646565821369,-0.5158949128313746,-0.05218319927996906,0.2006827760164961,-2.4478391915360085
0.8642165794938164,1.0,1.0,-0.3211081916858685,-0.31262266581781206,-0.15905639441496872,-0.7674885958251154
-0.29266305764304423,-0.45667696122438234,1.0,0.20499860729740838,0.3201194561839016,0.15631647285020467,0.4135457233043921
-0.07182695817831974,-1.0,0.20010706742604517,0.3846832085409184,0.24288427801053936,0.5764209862511313,0.4894487644220406
0.7948136223070945,0.6607335423270022,0.03657376589512018,0.005510083976501656,-1.0,0.6361076631943217,3.8149168342932875
-0.05531607853848641,1.0,-0.11613277624174884,-0.10945875823278495,-0.3135228845304612,-0.5746218221929236,0.6700227635236121
-0.4257193973946539,-1.0,-0.06932102289914788,-0.2540539998345943,-1.0,-1.0,2.9928889859317795
0.2020069791944391,-0.3235268925947768,-0.1485263975486232,-0.32499353559623956,-1.0,0.37690740457811844,0.532513667984402
-1.0,-0.8233027604195371,-1.0,-1.0,0.0592271379700858,0.7957094719751272,-2.68581610768698
-1.0,0.2760468966605778,1.0,0.5779127101488407,-0.4484818314746559,-0.012053422173740058,-1.1605556195513025
0.9271525143269952,0.399899016083694,0.40479386260090283,-0.48953221507453515,-1.0,-1.0,6.439851862172774
0.7637429992203801,-0.14325435821954147,-1.0,0.008945275124140672,0.7232734672529615,1.0,1.8639828772520373
-0.09191484210864931,-1.0,-1.0,-1.0,-1.0,-0.26380746342097594,2.3585162027708533
0.9789513284855699,0.0618894533588068,0.7915623286393778,-0.8171074588633387,-1.0,-0.21432827707336655,5.3048352674400245
1.0,1.0,1.0,1.0,-0.9614400320588413,0.15382634676745785,3.9724275012781267
0.37936272643317825,0.8744004408517061,0.5013814108836726,1.0,0.4649145391362562,-1.0,0.877258106175988
0.8372798037083218,0.020779675049585944,-1.0,-0.34696050430601155,0.5152961747206051,0.7287131813743022,0.05534263116592064
-0.7343950595165731,-0.047978225171306524,-1.0,-0.3440677288021118,-0.660719607364433,-0.22714835138440337,-1.3488514035852714
-1.0,-0.11613333018936522,-1.0,-0.42542090406148225,0.831127125885694,0.28095086562470106,-0.13504688174029955
-0.33820740205278255,1.0,1.0,1.0,0.17222108675783165,0.35852528413145823,-7.114124379625942
0.1178837427335847,-0.3901671439931464,-0.33413080578375104,0.04851657776825913,0.37430257275525824,-0.301116995583143,-0.2399448831209599
0.14196694703057236,-0.4990976279776223,-0.9563963324904405,-1.0,-1.0,0.1614089945563562,2.108563338668851
-0.8765621893761877,-0.4978961909013012,-1.0,-0.0016506972338078962,-0.26352713610873163,0.0941085955126919,-1.9489747838471403
1.0,1.0,1.0,0.2005872008593541,-1.0,-0.6349335220936223,3.3602162402471754
0.3532157281483723,0.04231833420445286,-0.7039827572173635,0.7733443146953786,0.6809612611382706,-0.38607377921081676,-0.9191010236204088
-0.02029943830339287,0.024942622340830223,-0.8909158655374588,0.8423758730942618,-0.529841073774652,-1.0,1.9275948047675622
-1.0,-1.0,-0.8000549502078258,-0.5347464354192932,-1.0,-0.8232060290170305,0.7755715159153032
1.0,0.8413664397814393,0.024602688531105255,1.0,-1.0,1.0,8.218209834000701
1.0,0.03982684539414949,0.6446673916489573,1.0,-0.10043001403197971,-0.5806033517205389,2.510490823063422
1.0,0.7491562054121885,1.0,0.1666549146016778,-0.9334683532947704,-0.7805415897769682,4.587255139524446
-0.4426760232615099,-0.44483589400993684,-1.0,-1.0,-0.8110347147810515,-0.3880028691393473,-0.667224198609599
-0.30295402665563775,0.36806147412310974,0.6550274553247609,0.02517742869855588,0.1469642515603624,-1.0,2.72312711609969
-0.1692086330994491,-0.6179065938745087,-1.0,-1.0,-1.0,-1.0,3.4580146408009798
-1.0,-0.03138371373444959,0.2028595299064758,0.191573171048144,1.0,-0.3576032399524596,3.461601858831664
0.41220229322478064,1.0,0.0378978828576666,1.0,-0.11198785713003176,-1.0,6.3773671485469965
-0.02230665532806042,-1.0,-1.0,-0.01333367863385293,1.0,-0.12408690731573113,-2.6238070933886144
-0.3647246184032007,-0.5880527006474182,0.19404751142191773,-0.6133413232568212,0.15176012721451398,-1.0,4.49088415456496
0.210647585117043,-1.0,0.7508863300435172,0.40445203641934524,1.0,1.0,1.0561435557932701
1.0,1.0,0.7459444030406184,0.16944357022655754,0.37400663246282606,0.4449165592636882,-2.4062998739407186
1.0,0.16669539546363865,0.03464926522569323,1.0,-0.9921336754458678,-1.0,9.168723087935625
0.05974586662606107,1.0,0.37643182286264587,0.9024285176326821,0.13245402213938196,-0.31121244172222495,-1.3985557656043173
-1.0,-0.00015867296618378435,0.8369441328231705,-0.8963827974433227,1.0,0.47062164345236135,0.7174358430685636
-0.06650836984832398,-0.6042347632781397,0.5309146223090035,0.012697072252972452,0.8285742785448277,0.6444798288627687,-0.04690767884043341
1.0,0.4876934173918571,0.4783320515956131,0.22702758914626678,-0.46802229680399665,-1.0,6.898614172319441
-0.23056360868805992,-0.04689832837028429,-1.0,0.3417187781053266,-0.7382192097252438,0.8066670792318715,4.04888182407562
-0.8686570451207197,-0.27958236350614807,-0.590662910575882,0.6815133915256062,-1.0,-0.11200157425499868,-2.618352794649658
-1.0,-0.31056137263732364,-1.0,-1.0,-0.10813153117940255,0.760321466904651,1.1141818514049808
-0.16101327334412932,1.0,1.0,1.0,0.48438202060595636,0.5647693346810898,-6.444357676688251
0.39778635108692384,-0.65884456897739,-1.0,-0.592018715983334,0.7347878479568105,-0.09907386709298394,-2.56831193064573
0.5521941097496182,-0.4720915083464703,-1.0,-0.856237557542795,-0.0015314924137790342,-0.18139569459056215,-1.0636814583021443
-0.9687924712325984,-0.2398784259370602,0.2102881291874873,-0.8305974038655504,0.04159611163198111,0.8646565342697459,-1.0183781596427783
1.0,-1.0,-0.16186991530584005,0.3896254596044786,-0.04454156165347453,-1.0,5.612047650065648
1.0,0.03089654813115402,-0.8818840820405824,-1.0,0.281705687601845,0.6148314396023682,-0.8864394401564938
0.8187033656254954,0.10381027561506007,1.0,1.0,1.0,1.0,-5.313493492879707
-0.6324575390627706,0.19435274231123595,0.4747641277097545,0.2499492196980891,-1.0,-0.33876175439397893,-0.8200199013447633
-0.07866681158627842,0.31105902858107903,0.6552077181497812,0.4079177645779666,0.09788313819830607,0.6976090626356664,0.05837012966204093
0.08825657927586938,-0.17880965823982353,1.0,1.0,-0.01672451648681028,-0.9489715574251696,0.5937107787285034
0.8039622026557169,1.0,0.011358575559026751,0.37366145332327894,-0.5331265130456921,-0.05188676352390209,1.7506565353635448
0.7641871773857205,0.34364169260911587,0.5652761617664068,0.9952354711985543,-0.978184432533278,-0.8229681417948448,5.98327305731878
0.31196926326304064,1.0,1.0,-0.1342501393244946,0.2001703745754213,-0.13685118434934684,-1.9481659914693
-0.7585821171276604,1.0,0.21072309876814083,-0.5562716046471097,1.0,0.274501596100283,2.9218496225307233
0.31544926271508555,0.13933454591656935,1.0,1.0,0.8309348487554822,1.0,-1.2758511006284028
-1.0,-0.41920303490977173,-0.569954874416674,-0.5419708771432912,-0.6037002901810836,1.0,1.9446000210135153
1.0,-0.3253293659851375,-0.0009532700204857858,0.33209504596059636,-0.4624759487677814,-0.6102191352948934,3.4862676045726886
-1.0,0.15179735676377093,0.24907502851823393,-1.0,-1.0,-0.12532491560265657,-0.06197524091715684
1.0,0.5533552355975422,1.0,0.5988781229178897,1.0,1.0,-5.853350704208949
0.5112056503661753,0.11576895892755112,0.20661944418104516,1.0,0.20447700949031455,0.405706146047108,-0.1496539962248389
0.8933677018834134,0.5246767506595893,0.9137717032143143,1.0,0.6543500963051945,-0.13225865474690246,-3.7897739105031225
-1.0,-1.0,0.45857157911477653,-1.0,-0.35871914487804135,-0.8048351089709975,4.638513800265229
0.04202091331809832,0.6946222870142724,-0.1559555435943356,0.4668923904220572,-1.0,-1.0,2.0806875481339993
-0.028599600523119717,1.0,-0.8030372394867058,1.0,-0.401555705859276,-0.8370661500884566,4.046695441978251
-1.0,-1.0,-0.9062719431399615,-0.49140760401111927,0.3235568292479336,-0.6507549739161078,-1.0058381713301996
0.2732968906960407,1.0,1.0,0.47296618377839605,0.8699842941667589,0.8180995522659581,-4.298067535692898
1.0,0.9730358469590136,0.7403031184883038,1.0,0.20707190855131086,-0.6856961815362611,0.9103341642852204
-0.236213915218507,0.1596828834395474,-0.4660573989079573,-0.6081007001622412,-0.4989987660370702,-0.32165559192320303,-0.4115842855670061
-0.6303237193507912,0.004834108037094165,0.08836917824763196,0.5437778138129696,-0.34407717396163573,1.0,1.4583582605937102
-0.29424900257643777,-1.0,-0.7960556130950984,-1.0,-0.4163880660547662,-0.039649528564893455,-1.9631737773895555
-1.0,-0.832528069489922,-0.5268415989899535,-1.0,-0.12717543887280458,-0.9868477660778616,4.171061033480718
-0.5554107928458043,0.22921471262664272,0.8906065745224754,0.740409567957395,-1.0,0.07084117797928924,-2.5916480989958393
-0.13034268744277022,-1.0,-0.9964275039291155,-0.878072377565986,0.9618441330814681,0.6137104679690528,-4.76485403121497
0.8386893101784159,0.7043726414906697,1.0,1.0,-0.35290108025368094,-0.6326963614383521,1.8558453720875763
-1.0,-0.5684134072818995,-0.5364433191703057,-0.7571304555600323,-0.6317742156139801,-0.36742159118471207,-1.4735746601802544
-0.01203884133318886,-0.11927455653600366,-0.3550824417212346,-0.9056811125155336,0.6579688037836873,1.0,3.030778524777469
-0.01631003749984722,0.8401417333154995,-1.0,0.5200010902058826,1.0,0.8299461264024783,5.959992722415207
-0.361797284683942,0.7766140719606696,1.0,-1.0,-0.7560794228712326,-0.9307059228346588,-3.453924483841033
-1.0,-0.3353064854842801,-0.3894355414899062,-0.1436296117196314,-1.0,-1.0,-0.5973929712771359
-0.2681785566496778,0.9285204690544053,-0.12426433305456264,-0.5585817460419525,-0.33975002762724876,-0.10672200176281277,-0.03410910783900218
0.10416084090765573,-0.07128479543093824,-0.08215490779872803,0.7317448229431446,1.0,-0.30448033343017644,1.0736653256743398
0.8260667856213477,0.9899510635231811,-0.24284483715730132,-0.4955101839074082,0.6007643752342335,-0.5254829897743181,-0.34855959683833887
1.0,0.6278879126915275,1.0,0.3992391739450538,0.33400938457735657,0.564951902841985,-2.4635394497501126
0.04700063385982037,-0.9449624365114813,0.5496739201503434,0.9920333503378815,-0.7792272012470074,1.0,5.7407847943149966
-1.0,-0.35477705832723117,-0.0187061830378778,-1.0,-0.9703136289831757,-1.0,0.757431450888629
-0.5062924075601084,-0.4146413657473804,0.6912953023097432,0.19709065924420205,-0.8986535453713147,0.09284097705917538,-2.229577474312503
0.4559851486885901,-0.9259159445030862,0.24764393832809506,-0.0917839627638779,-0.8255839153029723,-0.19610010566827651,2.265460620635243
0.47427292778128116,0.12125775312966597,0.007210337571311787,0.29560712007000045,-1.0,-1.0,3.880370446626673
1.0,-1.0,-0.704553352625341,-0.26390669604317213,-0.0978839675899299,-0.8731563687920667,2.593903142253929
-0.8120884054521441,-1.0,0.3215672621532799,-0.3809863482390498,-1.0,-0.6819976035029327,3.1934290605118454
-0.41994346442912606,-1.0,-0.47193904619976684,0.3212675213992464,1.0,0.7697363972015344,1.7112019721567118
-0.6915521220215554,0.5381648911711105,-0.2974895290792636,1.0,0.07886179938430615,-0.09289049791348636,-0.17631109993853483
0.5111385875797447,0.7406255155356282,0.015293433306781345,-0.2889638950462996,0.8680356806689503,1.0,3.7064025672025602
-1.0,-1.0,-1.0,-0.44403587155561186,-0.5461920352098678,-0.5397382905562444,-2.703893185024205
-0.9383311549864322,-0.9298595453441048,1.0,1.0,-0.651522367560063,-1.0,0.44452241406274706
0.9908310641513303,0.9897977338673234,1.0,0.04684821034943498,1.0,0.6726912576823677,-5.618012455268201
0.435424799797966,0.5391858363889288,0.3280946037608079,-1.0,-0.2605172754045183,0.6051942635099015,2.1667099402549166
-1.0,-1.0,-1.0,-0.2528480421523014,-0.3672506399052904,-0.27715584279526917,-2.944709316627624
-0.6494347435346302,0.8457832036946178,0.48887039132327215,-0.7508321041548079,0.1933582015569945,1.0,1.1609109017904529
-1.0,-1.0,-1.0,-0.6175091522045906,-0.43557465680453133,-0.5596113526606352,-2.2196610008916053
-1.0,-0.9278406243149417,0.22008677192673431,-1.0,-0.928386268929714,-0.08699178334066263,2.4271039085481507
-0.15326643304051768,-0.5612570522946516,-0.4960946119661631,-0.6896443548978457,-0.41548861261727565,0.18761068358753702,0.5159642946915144
-0.31229168989073075,0.679663836730026,-0.8907535775374836,-0.5448424125848742,-0.6111130806091438,0.7197002440572298,4.860510199888105
1.0,0.3191131944051813,-0.2672156351467665,-1.0,0.07612837834882769,-0.07053485630345563,-0.05634229649079407
0.9679709424980367,1.0,1.0,1.0,0.15624017004335544,-0.030153681222207213,-3.7515871662334086
-0.7345367851065154,-0.732882088559309,-1.0,-1.0,-0.956467456400963,0.9643816381817203,4.129788026378541
0.3853245890775131,0.849310244782907,0.0397578516386804,-0.6645675868107497,0.6437891682062458,-1.0,-0.6139996801015516
-0.32447676165750616,0.12556012134552846,-0.4990259667441761,-0.8635985278698661,-1.0,-0.3350640880718996,-0.2721749620690277
-0.24537439971752378,-0.05054606430511607,0.4050111604910658,-0.7787400816771373,-0.7883416032664117,-0.13434212537292056,0.20670523321465986
0.5226661740177624,-0.15088726658281715,1.0,-0.44889106255250955,0.05483135701013142,1.0,-2.657848549081683
-0.5250483559599086,0.5813246886972033,0.005889748187155992,-0.08924229483345547,0.20463322071473766,-1.0,3.0899474144905574
-0.989160724195902,-1.0,-0.2316464995899974,-1.0,0.7755942146667262,0.08128852052273661,1.1609541025208612
0.3296855940283239,0.36100677363984246,-0.13429747799266284,0.5126079379273201,0.6909318965876561,0.34933503163620516,-0.027049198330944657
-1.0,-0.018835749530106027,-1.0,0.09170479922758473,1.0,0.944254778028575,8.41508430246233
-1.0,-0.8496021183001923,-0.3532962375134836,-1.0,0.38657002660758866,1.0,-1.3697054550809966
-0.25726063692718737,0.49752613979661636,0.7231330275266257,-1.0,0.2970531211138423,-0.13232957374344906,-0.742990765080503
-0.41343209013381754,1.0,1.0,0.02269203598672931,1.0,0.9226393071814432,0.44689459625733985
-0.6233060373766826,-0.7232250696845869,-0.509759059707072,0.37219756745032834,1.0,-1.0,2.699328094671105
-1.0,-0.6931029651060806,0.07065341411866877,-0.11379395172558315,-1.0,-0.8681400342968095,0.5205327575843884
1.0,0.9038183781529892,0.17845344873984537,0.5387843876347602,0.09924463503154467,0.557934729343569,-0.7160281858348345
-0.052204041736016116,0.7258757390430851,-0.898067325787143,-1.0,-1.0,-1.0,0.35266149024625315
-0.24310860493724978,0.6740341734051309,0.2384833684465376,0.31008801001404035,0.3087805383532726,0.001152086320791279,-0.8305829203164731
0.8198393435351753,-0.789687132841376,-1.0,-0.5864918252290279,-1.0,-1.0,8.849448137334639
-1.0,0.7216673751871802,0.4227554382864991,-0.5442413263211304,-0.023568703212474396,-0.9191989511560037,0.5181355733587221
0.22190330911927403,-0.355274987090306,0.7696336541382487,-0.494065005280075,0.6887023062431435,1.0,-1.1062438610573468
-0.08527260565645256,0.013877374796387398,1.0,0.4401706623073578,-0.3222523581465896,-1.0,2.8356693598036937
1.0,1.0,0.6353655104237987,1.0,-0.3526656437308862,-1.0,6.750479933358881
1.0,0.5915424972018142,0.5387550428530008,0.5075829450550433,-1.0,-1.0,7.87918280557995
-0.21569729072574295,0.6986996661844085,0.052601646107450405,0.29539788333923733,-0.6437316040128158,-0.508503927659554,-0.8971491425440692
0.4531881851382352,0.438215106388863,1.0,0.9936660535732874,-1.0,-1.0,3.94471905877342
0.5677876163796717,0.21992913950465032,-0.3296035698729556,-0.2252635895038736,-0.8599371810380052,-1.0,3.7370489450512885
-0.37568679077321215,-0.2628271707519149,1.0,1.0,-0.07282107014305253,0.5737422855438689,-2.0338229587155663
0.8674222702460646,0.21910932923911397,0.5099456062352097,0.7182892003688238,0.13135883891259909,-1.0,4.352000368448726
0.73701991534715,0.758681888762222,1.0,0.9962483350805797,1.0,-0.0781647444005984,-5.865464045010905
-0.8894811418726896,-0.30517661900006465,0.7993822535442862,-0.7957970464643598,-1.0,0.43056130244405233,-2.4782461355746515
-0.5950472788005471,-0.9005460969242776,-0.21650882696438845,-0.9096082977922428,-0.4910310694322413,0.837174834221262,-0.6090725307691095
0.7443931314301713,1.0,0.17975557111721163,0.01323148924435813,1.0,1.0,3.2513459500330586
0.23888849965226888,-0.46341175655407973,0.8733331691788282,-0.8296064858787636,-0.8968571064040184,0.992387304049092,0.6752960360696432
-1.0,-0.8123242600986028,-1.0,-0.752725519580099,0.5844148946992336,1.0,2.5932918434110865
-1.0,-0.6476025577475153,-0.1806981594847249,-0.6070160050153688,0.3351037710728709,-0.3587640408836552,2.012888521621974
-0.9647864710751874,-0.5733722617771009,-0.4135445658079495,-1.0,0.16594323811257072,-0.19328528346327611,-0.4552623917970728
0.05844239351198788,-0.519468176790941,0.4229449714673112,-1.0,-1.0,-0.29191273822723796,3.7411616878426597
0.42445938001855976,0.3336778078119841,0.7400312709717669,0.49395654049471915,0.07617656432820574,-1.0,3.029579273928112
1.0,-0.07379740378821542,0.16725450416097004,0.33369886869707793,-0.5154508566046767,-0.44779720190488914,2.5016552515578665
1.0,0.002820910481736938,1.0,0.08391946386147597,-0.16661765876459933,-0.49809743321469185,3.2816307611899576
-1.0,-1.0,1.0,0.4916192719798807,-0.6927441744587142,-0.19388892631683186,1.2228912586056189
-0.2257845735199299,-0.31379541618703,0.5869991865234178,0.33837920227253027,0.9521181414586288,-0.07376206490775294,0.6202068835878564
-0.2850629652244031,-0.5708720753279796,-0.1853660789241214,-0.7359231391587044,-0.2539292167276339,-0.2772188123188226,0.5620860657588442
-1.0,-0.0745696099042823,-1.0,-1.0,-0.40879577001308887,-0.2590624891153923,-2.145200232473366
0.4378790136023307,0.6411549269395317,1.0,0.8287707621490044,-0.8572796696287924,-0.1579609600979871,1.044417598831435
-0.6284065574374631,-1.0,-1.0,-1.0,0.18565424703790678,0.4208315929918951,-4.3800681370840095
-0.3486514211350824,-0.03471062357192278,-1.0,-0.08619840910969079,-1.0,-1.0,1.2343269904848333
-0.4328931944505612,0.3333207272863085,0.25437987515376254,0.1856525216733299,0.6903900560227916,0.9866302479450433,3.2629208526029
1.0,1.0,1.0,1.0,-1.0,-0.2642652522087216,5.210227604439007
0.486769760128829,0.07988615288560724,0.0445243780563796,-1.0,1.0,0.18772531026459505,0.9642200278793617
-1.0,-1.0,-1.0,-0.9577797470412801,-1.0,-1.0,4.493858524942274
-0.9871102317238836,-1.0,-0.30029350300215363,-1.0,-1.0,-0.5727508500969865,3.5959670535043022
-0.48984085047792236,0.4577721825735604,0.7222509713461853,0.5446694252511131,-1.0,-0.010450638998594552,-1.1961254799867695
-0.0396041445103954,-1.0,0.2690681759292688,0.06626095996247555,0.8451901430966515,0.34295607196749134,0.824540177174995
-0.7532666670219168,0.2481858164558739,-1.0,-1.0,-0.34156761532092916,-0.023453232604472074,-1.99516733024943
-1.0,-0.8577581212989049,-1.0,-0.031515056065389624,-0.02283871335435461,-1.0,4.6510913314870415
-1.0,-0.2957551874238844,0.28315682301226386,0.3530071860895393,-1.0,-0.503996878440539,-2.176097933306954
-1.0,-1.0,-1.0,-0.5921435091159912,-0.12480201647488176,-0.6527716248262454,-0.8092006690001615
-0.2583841567993631,-0.23163407896195015,-0.017971216474475082,-0.2308557477006401,0.12116078478539011,0.29196596634137606,-0.08982480601620499
-0.47703104790071227,-1.0,-1.0,-1.0,-1.0,-0.899453347503758,4.17992772965096
-1.0,-1.0,-1.0,-1.0,0.7128554980758957,0.05974792242310156,-7.340448972415223
0.16371885707608136,-0.1949687000653284,1.0,-0.006122237167697553,0.3960407516216694,-1.0,2.5023538051764236
0.39535185940469475,-0.6305129632646821,-1.0,-0.21030857928762975,-0.4277036536569989,-0.40231765952232657,0.4826638396725801
-0.43161713313518435,-0.25821142555248955,-0.32650714660558156,0.602655174065102,0.018633052077547285,1.0,3.1030395810568954
0.39496451718236436,0.05914700479022125,0.9885667484810041,0.14382903248881296,-0.43741144457514425,-1.0,3.200634218985966
1.0,0.9295314555934828,0.42919431268092345,-0.9038012705218137,0.39241592931473057,-0.17167511500693267,-1.0350790869854394
-0.805842507835238,-0.2851484378204788,-0.38343721731945696,-1.0,0.8875078767227875,-1.0,7.471665700491285
-1.0,-0.6829567453565075,0.08193897058007617,-0.4962314318710126,-0.44048945345301027,-0.46846948089652446,0.9297790755083521
0.11684913944000719,0.7743460337772573,1.0,1.0,-1.0,-0.7706015915635829,1.8013077363759131
0.15331037212771115,0.5283924523906252,1.0,0.62598566490866,-1.0,-0.8023365256662982,1.6683784866790579
0.1353126550371354,-0.7777059075983024,-0.8549838868494941,-1.0,0.24460407139888038,-0.4156325740601855,-1.5218447035171765
-0.6784862473177435,-0.08264033904541646,-0.01690156734909043,-0.5182403437831752,-0.2587543943305288,-0.5148666644336222,0.32462756516353747
-0.5562456859045476,-1.0,0.44255443994451515,1.0,0.30412894953724734,1.0,1.673022312476646
-0.4747134861228286,1.0,-0.42584023487660433,1.0,1.0,0.16606526595219215,1.6987270758659814
0.6712797346150959,0.9787006270573797,0.3916396845193042,0.18537982771739464,0.7427909850721909,-1.0,0.8135839169994694
-0.03963311697641603,0.9404241907216926,-0.06573643749560543,0.8863732746104274,-1.0,-0.23355090360533526,1.144666782577239
-1.0,-0.7506296197579794,0.5442087966051485,-1.0,-0.4360224196055666,0.27267228044845404,-2.2892699747539464
0.8238246748954383,-0.26983403973016024,-0.6157862259567772,-0.6311311034113793,-0.1227533756474952,0.9683385694285995,2.8841668961643596
-0.8723224546746122,-0.7123318368732285,-1.0,-1.0,-0.8356523428544524,-1.0,3.682535975719526
-0.08983248244750952,0.014534918874850533,-0.8250591825366702,0.5110230504121782,1.0,-0.13996955945720335,0.08042854720660375
0.1995858289168938,1.0,0.7809250429699526,0.8397166768283321,-1.0,0.4956336652634435,-0.4761464354409469
0.4587197124130436,0.28585439872686524,-0.587078485559362,0.515689016373122,0.40270453627584724,1.0,3.4067504150049115
-1.0,-1.0,-0.03577439564300866,-0.17442537474009412,-0.9179937854870324,-0.38412408165433665,-0.8086707439305295
0.6490522333436983,0.2560538032607397,0.6910243990070488,0.2842641614396718,-1.0,0.3010749250254555,1.3524014039254388
0.6372410779645985,1.0,1.0,1.0,-0.3700616671864856,-0.4428117064271149,0.47170916730458345
-1.0,0.08788343540899535,0.45022820034571187,-0.9373458824930757,-1.0,-0.5476004820836171,-1.4220160373985464
-0.19860789328149997,-0.6516307520227377,-0.5568711414624072,-1.0,-1.0,0.4960268610258909,2.0488216605071625
1.0,0.5955080720670475,1.0,0.30335710236666147,0.26763193053941503,-0.44306271158426946,0.9903082316985847
-0.9528451186386646,-1.0,-0.8571172468422579,-1.0,-1.0,-0.6656084393026374,0.8312850172901067
0.18484094281411834,-0.21142932707367806,0.563367549885392,-0.1441650255553395,0.9162710364508718,0.34976915266199077,-0.4653503138730014
0.37183746371118565,0.05258293066034747,-0.26063922417206253,0.7340427375124403,-1.0,-0.007577542936777926,1.4228997607566523
-0.06527998432580552,-0.5520967048091705,-0.22180497916509384,0.286834231435244,-0.9234040144320539,0.25844546992138295,0.6982819271695945
1.0,-0.5910200632249687,-0.5917528525804745,-0.16388717600188746,0.5979445595929178,0.12361459325793867,-1.7684398300888104
1.0,0.29781021347049164,1.0,1.0,-0.6640731138837744,0.22218038028967513,2.2294370022032566
-0.36594266837908995,-0.05829926642201455,-0.4229315706035164,-1.0,0.9493922209670187,-0.14549631365524973,2.517349797287831
0.45076211386981613,-0.5482237320819665,0.9919094404844475,1.0,-1.0,-0.7475553379400481,2.2195888573423717
-0.610806024043115,0.08516757151094145,-0.2775677053167718,-1.0,-0.20790037831505265,1.0,2.0458129865036314
0.07189928639785537,0.5251050238931625,0.021496654904018753,-0.8480481076008413,-1.0,0.10265473792881358,1.9220630113513455
0.46731425138655613,0.8673193464767249,0.20272821502811036,1.0,-0.5360425035957606,-0.4844781247780109,3.1267159108649154
-0.5986604112934729,1.0,0.5207361471335334,-0.12139208960931946,-0.14287624342683114,-0.9779224199313907,0.3848454364748092
0.6905097224411005,-1.0,-0.3303451462304994,-0.6928821832997103,-0.9428965261066302,-0.27911795072064227,5.248814688093843
-1.0,-1.0,-0.9059557513658574,-0.12388128312981761,-1.0,-0.7878698061395397,-2.1838240422745145
-1.0,0.10486951940588807,0.00612265952474883,1.0,-0.2108696970794593,-0.14672888019100447,-0.9625020229893785
-0.37731673990709513,0.5804053527411771,0.8214486838270884,0.02968158958355535,-0.4208665563841629,-0.5140585400882303,-0.7179792761680625
-0.2951346133562125,-1.0,-0.6257871231523595,-0.28553164592017016,0.9652042916946943,1.0,3.1730061281142024
-0.2098530603543567,-0.5313895792624846,-0.097718101953572,0.7791369218042213,1.0,-0.1585943009394054,0.3372615873923286
-0.02830311074151054,1.0,0.15243342314996733,0.06360602795185288,0.950663267001149,0.5823662346702307,1.3434066457724054
-1.0,-0.2727803600139016,-0.8041418136143308,-0.5762560140173978,-0.35295808461760486,0.9190022601823014,3.190071675214021
-0.19891031462260106,1.0,0.22841078939981563,0.6270871340791571,-0.2253896067557416,-1.0,2.2491000814465836
0.1844675675794764,1.0,1.0,1.0,1.0,1.0,-5.690667576852456
0.2665996704338651,0.7306840853744031,1.0,1.0,-1.0,-0.7960821844121161,2.9492253371296657
0.4146301689483105,-0.9050313699084156,1.0,-0.3472858990842862,-0.578542100514291,0.2049430560118637,2.0823707673738827
-0.4810236934977677,0.2022616236388758,-0.6524500295142207,-0.9273685144688776,0.9327433117251711,-0.22133408643954156,1.3045424725945773
-0.5216197548182582,-0.26145939920752337,-1.0,-0.3146293656074387,-1.0,-0.7865849641846957,-0.32998968759334696
-0.5449850477527042,0.06537033416653379,-0.5550169672234314,-0.08868940627901356,0.5062540851892002,-0.09898290155961106,0.46844302267230764
-1.0,0.13636428212698892,0.2600794366365894,-0.35895677171615975,0.6508530840458282,1.0,3.0134805170325256
0.8202144706450524,0.39257695284911254,-1.0,-0.8208401159337826,0.40555614028082215,-0.3246261261329729,-2.250514595053205
-0.969360182207683,-0.17895239981966654,-1.0,0.05032614826491211,0.1938717857129224,0.20428426542403133,-0.08019294836624327
-1.0,-1.0,-0.7111256352724565,-1.0,0.30144119965755056,0.16254436328988153,-4.558189731356709
0.796825501535712,-0.8578218816519201,-1.0,-0.628120923051733,1.0,0.646304481301833,-5.320641584344647
-0.98870232515699,-1.0,-1.0,-1.0,-0.01188014791228953,1.0,-2.0671302603665764
-0.3635509182051728,-0.06069118751619951,-1.0,-1.0,-0.5438021757256322,-0.25575145794895504,-1.177500287797328
1.0,-0.21436975864595034,-0.17721067047112593,0.6492496895420276,0.20484595966430397,-1.0,4.076163113070794
-0.2344351781625027,-1.0,-0.8627017480028504,0.17389528704670587,-0.6387137592881449,-1.0,0.4278643891533292
-0.37023934454561275,-0.020050837070818672,0.27713314725404425,0.7656519671573253,-1.0,-1.0,2.1076275647308265
-0.9085941120393033,-1.0,-0.3586495773253763,-0.07719686783806012,-0.29154168561391913,-0.035576254879991,-1.5364406520312532
0.8651875997682184,1.0,0.9959704101493427,1.0,-0.11103195417899292,-1.0,2.1203652818672074
1.0,0.397340196078805,0.973206753556739,0.9317991680472604,-1.0,-1.0,8.684297036038611
1.0,1.0,0.18860311338979063,1.0,-0.07439030267964974,0.03692856060033066,1.197746092236126
0.7431361154915173,0.3915672777152818,1.0,0.7925685158286259,-0.2884945311771836,0.7956674777502567,-2.276384034987261
-1.0,-0.7459485198818273,-1.0,-1.0,-1.0,0.6312641689083809,0.10442413008830609
0.2688626301064896,0.17114722482151312,0.8143749701682974,0.6040388245152151,-0.3368316261822894,-0.41971190217680276,0.6142658974280334
-0.8639362060900604,-0.08323531924285454,-0.5378378285702696,-1.0,1.0,0.49346687546393087,4.274167625771136
1.0,0.23865633751684434,0.7655688796421456,-0.03689218605069067,0.3442086389778089,-0.23360681726929755,-0.28999452812551363
0.794535271444504,1.0,-0.20368233675717898,-0.12547701777690723,1.0,1.0,4.772452829062778
0.23792408859594472,-0.35660063324662183,-0.6862029541361931,-1.0,-0.06877638026970234,-1.0,3.2023969774965293
-0.10121607055357479,0.5572910286310774,-0.5520762485925285,-0.20014855477830668,0.3744115151205931,0.7985105259336331,4.245617785906251
1.0,0.27562069669155065,1.0,1.0,-1.0,-1.0,7.782490140807266
-0.9901730584217374,-1.0,0.25958739585086266,-0.2891230985825832,-0.15755222179174677,0.4471048813987078,-0.8367831756411934
1.0,1.0,-0.05376406511256293,0.35215386213236893,-0.04578289182906625,0.7765671383120967,2.6245596867783103
0.1904724647563199,0.44332076867693576,0.5045655027016772,0.3124351027492118,-1.0,0.1831501876788023,-0.36607745305152334
-0.5041099376987146,-0.22252069666573898,-1.0,-0.7751861929762127,-0.4484112378975841,-0.5629768311751722,0.31888993587373116
0.9412943618334922,0.40831904589819534,-0.6665986197090117,0.4260820115095868,-0.3894064180167234,-1.0,4.546313197909277
1.0,0.6149267528432385,1.0,0.5583835248508511,-0.43108942935812683,-0.5560039442049953,3.315077672081083
0.21264807871756242,1.0,1.0,0.3590952398899969,1.0,1.0,-3.659679194193391
-0.0557412909645037,0.03932330563976727,0.9730628585754725,0.20951858334456042,1.0,0.2715473076165541,-2.0512655479577018
0.9836625677773476,-0.03318582324335384,0.9226126413559617,0.6130811119705218,-1.0,-1.0,9.075520690840584
0.8386552032279891,-0.2892245730567905,-0.15443852701329908,-0.995000599073969,1.0,0.6784095872945832,-0.9029649647612246
-1.0,-1.0,0.5201414741397714,-1.0,-1.0,-1.0,6.827153072514609
0.09780124169161303,-0.33843157171242,-0.9259664753193015,-1.0,-1.0,-0.7594963397935125,2.5869362779051794
-0.23769766357252498,-1.0,0.4832875002313919,-1.0,-0.27508215912503886,0.6602370830991606,-0.8491141205810957
-1.0,-1.0,-1.0,-1.0,0.03999150069172064,-0.48053826368414365,-4.608139694290021
-0.5777642295969464,-0.27425685370167946,0.6954617928255451,1.0,-0.42768039165810934,-0.2884088870590163,-1.1837289669162772
0.4481580316063329,1.0,0.9779572050997423,1.0,-0.959700722174132,-1.0,3.3749234237890935
-0.65770685405438,0.2583026898367661,-0.03441017775408328,0.10525598667395031,0.31557018699502065,-0.594561399603879,2.013631381807934
-0.20034529183305216,1.0,1.0,0.06797122422801172,-0.0052695145855516795,-1.0,-0.5331919345588153
-1.0,-0.07846012866520335,-0.07902531827507653,-1.0,-0.9299942519987328,0.04228476656618074,0.05082395196573225
-0.18297845793622003,0.20458538866982612,0.645880698133151,0.3850323657833158,0.7298113352904247,-0.9522897262429462,2.68179210216629
0.2397768800613943,-0.406713961827082,0.07283425333526794,-0.29200783490252247,-1.0,-0.014443017678469117,0.7580654567552025
-0.6188449407785348,-1.0,-1.0,-1.0,-1.0,-0.4292864038565953,0.5342278764043512
-1.0,-0.14176878929634262,-0.5149194195417939,-1.0,0.5721358810261792,0.05365467724709416,1.9439237792692858
-1.0,0.17995088723161395,-0.7825807924982742,0.495685817612236,-0.9509240795287012,0.8818327792450393,1.1264285167258234
0.41515395635732383,-0.5189181672564616,-1.0,-0.5730681062036235,-0.9217033408944786,-1.0,4.056596576336996
0.07155686964420133,0.7656054731359504,-0.03319481846994407,0.07297185650150836,-0.6462400217829545,-0.05817132019315435,0.8656759970955186
0.5737406585882228,0.304104325558144,-0.475250531949112,-0.3424126299778676,0.3643767210477563,0.5869556788073991,0.7681421659602159
0.5656514974609783,1.0,1.0,0.3033267371280455,0.0015557843659514403,0.4582020774634038,-2.9084616888498744
-0.17284485524038207,-0.5715763812828116,-1.0,-0.5737176593095683,-1.0,-0.7635152656754025,-0.3380389371353929
0.7242711067138962,-0.21119203847519175,1.0,0.1782965823097128,1.0,-0.13191270419288093,-3.314271550798912
0.5302490889066322,1.0,-0.7702830527784791,1.0,-1.0,-1.0,9.40502422529129
-0.9852697727918432,-0.09165304259402773,0.8052759784270352,-0.04680153650757668,0.16849925901665766,0.8535894408869772,-1.369122012864161
-0.3062112879285308,-0.36689467353554955,0.9957209842893452,0.9473114582010184,-0.5486707653232793,1.0,-3.4901999922187947
0.5382086719659185,1.0,0.06507483525336877,1.0,-0.380059818468264,-0.693162211676911,3.8354791797686114
-0.4030524757340004,-0.21837825878281047,-1.0,-0.6836656753363779,0.7738478973944147,0.7248766325650673,2.9458510785930048
0.5245722698666542,0.29380468962793405,1.0,0.3216642244391823,-0.5248967590542999,1.0,0.5323371476576287
1.0,0.9029223683043774,0.09987451583983564,0.9260689992298077,-0.7006224271083245,1.0,6.4650213371111125
-0.8368740957841264,-0.24260698634669298,-1.0,0.20665910774366658,-0.2784926282254854,-1.0,4.902308614924567
-0.10821405711662946,-1.0,-0.26569348449748087,0.026693252407933965,0.4197508830589334,1.0,1.5051444513337149
0.43756056731580145,-1.0,-0.7300723150982907,-0.4688503491620031,-1.0,-0.975652907391614,5.705248627624818
-0.32581621700512464,-0.4378556449599489,-0.5417009487392834,-0.41200012523602636,0.6517107072467204,1.0,4.468547594499834
-0.144482397817507,-0.10046829513253774,1.0,-0.25930616975750886,0.8069535510955017,0.675382709064943,-1.234389208269403
1.0,0.7085588431930347,-0.8294922210999749,1.0,-0.05649556529324262,-1.0,3.736531732233877
0.6028391405737614,0.6195008503995515,-1.0,0.4614346825919027,-0.8426465342263798,-1.0,2.9865832932340006
-0.35120262616584863,-0.6042559880481833,-1.0,0.05115615044431687,0.6901470371270746,0.8605549450379617,4.606807157269276
0.310484029066064,-0.24928271531477253,0.1929448536638836,0.7759782401058636,0.08452507034631096,-0.7188846981176196,1.7205717466985149
-0.5674897835082278,0.1096256935478005,0.7012708851670668,-0.23098134394389894,-1.0,1.0,-0.7920899554849723
0.9790583006846363,1.0,1.0,1.0,0.5859509263042607,0.6750436725311815,-8.748263252598647
-0.942792315192232,-0.3864335561139245,-1.0,-1.0,0.9201405620589067,0.35109549888374025,-0.2993080427340711
1.0,-0.037746115182864526,0.08362952029326898,-0.38621141690940625,-1.0,-0.5438739843925287,3.9679964296263632
0.3359163442916826,-1.0,-0.8092119441404138,0.47334550983238843,0.059868222177885566,0.4630722304401156,-1.208438782177962
-0.13996501171998732,-0.09241057518399232,0.48211479541667274,-0.2228289252416188,-1.0,-0.0036088170884780446,-0.02898576439773748
-0.005295382085308775,0.009421621492727267,0.8466200473841345,-0.25650351489053735,-0.9222869995873295,-1.0,1.003096820456499
-1.0,-0.09984604403037989,-0.7784999572901476,-1.0,0.7151609361625093,0.6435906980583269,2.812615278310171
-0.23047307158709207,-0.4311488853246447,-0.1847330279373419,-0.19108514032292845,-0.5803284439247969,-0.4014250205636787,0.09547104361147948
-1.0,0.9398669018011953,-0.2736326465381823,0.08782980937731655,0.3947276860837544,-0.6730928029261349,1.3627338501164492
-0.3452293590296585,0.595266266370291,-0.6927410820514945,0.900444771113134,0.4253147563800508,1.0,4.880193057259297
-1.0,-0.4825608365745305,-0.19179825600601424,-0.7218526743289924,-1.0,-0.5634898092518199,0.047238736986169566
1.0,1.0,1.0,0.7213864501605516,-1.0,-1.0,6.380307679384348
0.3185069276928584,-0.07832496745727088,0.08046002063480234,-0.244376465858325,-0.5438398099704147,1.0,4.064722837758725
-0.0025576650670259132,-0.2328886315807217,-0.9160612471899381,-0.8932730663356396,-0.5981303369231268,1.0,5.635662774889123
-0.850408738208164,-0.425454252791453,0.6970913562250316,-1.0,-0.33170613097953505,-1.0,2.856505043381815
-1.0,-0.8970328713339948,0.450334014991262,0.10099761581234601,-0.5639772131215043,0.12096889568477626,0.04792389405150255
0.5914386788260902,-0.15986663708509308,0.8480881123534998,-0.5708510465485306,-1.0,-1.0,5.917228666649559
1.0,1.0,1.0,0.9874589074164755,-1.0,1.0,3.153921246022322
1.0,0.024280005616482248,0.19884125314733203,0.272512281985671,1.0,-0.758854803643364,-0.38717815792187826
1.0,-0.5704679968426447,0.7899007994675844,1.0,-0.8650528057254294,-0.13860663316881106,4.9742246398850805
0.1569546054112339,0.7266547345175507,0.11427515611989589,-0.7112263835030352,-0.7351882292948736,-0.33369320842709715,0.06061600670181577
-0.5143613073397335,-0.9514843143750048,0.6324152714302912,-0.5352804446490452,-0.07594772162630836,-0.7437467050803095,5.063250746263727
0.0788478961404574,0.8077371082979017,0.9647817236341732,1.0,1.0,-0.5052145007545528,-3.5698429213527887
0.28467179883173777,-0.38259348738777615,-0.5057307374652137,-0.26084702309381513,-1.0,-1.0,2.675684287285377
0.6205487962077474,1.0,1.0,1.0,1.0,0.4236282590577892,-8.904756237637072
-0.5670379755574446,0.2582543711948748,-0.24650125102321352,0.5664137627734732,-1.0,-0.47054687973339604,-1.2756424064386813
1.0,-0.14745508868344337,-0.13209565165514708,1.0,-1.0,-0.673202357710986,5.693521363343553
-0.5273346283407229,-0.9502220091629365,-0.6353018715053375,1.0,-0.4297884124437601,-0.16821751105596827,-2.3224238002472704
0.16037753885820738,0.13352693476330652,0.682228459238371,0.3051024599164476,-0.8736188394371973,-0.9603932344200499,2.46377294129585
0.3589514874901956,-0.26770831456956345,-0.6526626922354445,0.28272835662314877,1.0,0.8078845656680251,1.5624474737056693
-0.40260827280091394,-0.48604188556106287,0.2848444934050921,-0.8616118363489484,-1.0,-0.7234820114138089,3.3225099659420017
0.9057201010752841,0.9608731968370393,0.14567108378402072,0.9713093928788307,-1.0,-0.36002134637221084,6.712329586323216
-0.5614362753726512,0.2265094169413186,-0.6083840105320845,-0.0036446555854138894,0.45411756921697877,0.03276388592404533,0.8289689775145159
0.3042430354239773,1.0,-0.5744441198264056,-0.6353521911596175,0.09490137358681228,0.21007044037145461,2.8880297892182325
-0.42762418574671146,0.5248262413494033,-1.0,-1.0,-0.8135714492582484,-0.21249402928473968,-1.7841560433826036
-0.8461917994396808,-0.552794366501921,-1.0,-1.0,0.5795364709710489,0.12265171042816736,-2.8477936780461213
1.0,0.4910321833782506,-1.0,1.0,-1.0,-1.0,8.00970636856019
-1.0,-0.6416721066794477,-1.0,-1.0,1.0,0.5083909764593275,-1.6736819271069376
0.39995277570742993,-1.0,-1.0,-1.0,0.13564845989013663,0.1123907205871929,-3.2240582806048654
0.1549636074260768,1.0,-0.46210028499621303,1.0,-0.720476618201083,-1.0,6.103643388153745
-0.5196581579803172,-0.09436268637024642,-0.6971371682004561,1.0,1.0,1.0,8.403370165294051
0.5830027974138885,1.0,0.42536434062359696,0.8442001840626605,-1.0,-1.0,6.383845942794643
0.0006836149452136286,1.0,0.6623586571955817,1.0,1.0,1.0,-1.2224710751060293
-0.06587029656780563,-1.0,-0.47700035901578397,-1.0,-0.8368519125324758,-1.0,5.951462944643509
-1.0,-0.6536303394120828,-0.2803688815711515,0.32563197657050535,-0.24995904489361426,-0.7429481328588678,1.6250198729726513
1.0,1.0,1.0,0.21447116742043604,0.16026124144304263,0.23693591731240637,-3.5097150899611638
1.0,-0.3801258155953895,1.0,-0.4185392479930223,1.0,-0.8532812624306333,-0.9329274697333201
-1.0,-0.4699660666983192,-0.7828325377840666,-0.1852331266379621,-1.0,-0.22723064019331352,-2.451721976573788
-1.0,-1.0,-0.7559901919325535,-1.0,0.5722131811514394,0.770534946434632,-3.2880713896976035
1.0,0.9340614111951766,1.0,0.08161646706976966,-0.9888668842712041,0.5042757668373468,1.4895929252939681
-1.0,-0.35955618640250964,-0.6212479598642394,-0.5802699412833545,0.37493448845927385,0.27868486719544805,0.04334815668363383
-0.4926844124847135,0.31276923616068364,-1.0,-1.0,1.0,0.8054925965775226,7.120299249843254
0.5077928653090125,0.44182080577784166,0.3119776971526008,-0.39952583212955667,-1.0,1.0,6.655324695063362
0.8534838507276975,-0.6169159112319715,0.1729322471667052,-0.8660872721920034,-0.8638109213046272,-0.016688225282874225,4.223686628954705
-0.5031793780279912,-1.0,-0.8288844522327685,-0.5227779523528215,0.5110165660963478,0.567222303761993,-2.2132950874026993
0.803366333631046,0.3490906058409864,0.23442344563138784,-0.8025928446475885,-1.0,-0.9980978102250009,5.602465076476589
-0.8768248020037157,-1.0,-0.47926489468458655,-1.0,-0.12776567587664656,-0.06755448939760805,-3.3370943743895065
0.9093684693338993,1.0,0.8053053746718064,1.0,-1.0,0.5310641354184209,2.876324608737837
-0.13323686928155182,-0.7704763567137731,0.11233664885686434,0.1434872628184609,-0.15520228028368632,0.011927813263421759,-0.0344748458876319
0.3988825551658691,0.21705959339203335,0.3392740183130577,0.531248240650463,0.6908947246992588,-0.5214878921998545,0.08247728037196046
-1.0,-0.2507225688385251,-1.0,-1.0,0.2069525148325692,0.9678711480465558,4.757845103750486
-1.0,-0.4956795051080838,-0.6422391640849359,0.3780264369777296,-0.16347699229886087,-0.5805996055552872,-0.14680066158982322
0.8186238597729864,1.0,-0.34412817876335666,0.06916799592284228,0.7339603405654319,-0.9523506653494346,1.1546139990714024
-0.5156792088689127,-1.0,-0.9169281111144031,-1.0,0.03094800540221554,1.0,-0.93877973837123
-1.0,-1.0,-0.8683311790492475,-0.2667792743680717,0.36099587185218285,0.25771706908694614,-4.320070978321743
-0.3472182082876144,0.23221349386871398,-1.0,0.6805288919814418,-0.2732566278353141,-1.0,3.3962400662296783
-0.5637227899938366,-1.0,0.6865727866461078,-1.0,-0.2616031027806922,0.6837077753758394,-1.2774634966408138
-1.0,-0.765687537468252,0.20236310038076405,-1.0,-0.1722437068958662,-0.6028181969849395,2.0800830063114946
-0.47066339711894867,-1.0,-0.32430882203409683,-1.0,0.21175714576051108,0.37286916725011165,-3.089109640201933
1.0,0.2081091545879712,1.0,0.863816510693229,0.14405370078833207,0.05760802402883741,-1.7238155511024376
1.0,1.0,1.0,0.1808792938321806,0.0995909156900277,-1.0,0.5157877185950863
0.08987551868398472,0.6563477647684268,-1.0,-0.85918465332858,0.32033325609019747,-0.8476196559808518,-0.12701586008783233
-0.6099469982349269,-1.0,-0.5262969960313312,-1.0,1.0,0.899219442865385,1.0943259292356622
0.12017963952579136,0.7477738047655056,-0.22487345196052216,-0.549793482003482,1.0,0.10028663599027476,1.9313114459544836
0.3260829315768474,1.0,1.0,1.0,-0.2983180996894806,0.6141772285980058,-4.253004345594217
1.0,-0.010866534117530358,-0.34832515041935325,-0.5809382590158313,0.3802270701668595,-0.2039993467326085,-1.5411175835495783
-1.0,-0.7474816230860692,-1.0,-1.0,-1.0,-1.0,4.447129326381711
-1.0,-0.4273089812751487,0.0688336694230286,-1.0,-0.06861602094647934,-1.0,4.957531505175349
0.36317492528606987,-0.12649143399678353,1.0,0.28185986103089133,-0.22877182452197165,0.07580737697881224,-0.537502643656587
-0.4933556544598096,-0.537231603825261,-1.0,0.1354449099050841,-0.4089120182407249,-0.06146494277621545,-1.2495042420953695
-0.21340348395904019,-0.7736474530122337,-0.0637033716494948,-1.0,-0.026198183553093335,-1.0,5.170148900346455
-0.5606531045268739,-0.4092826381955206,-0.5263682640707377,-1.0,1.0,-0.8761435562890131,5.782102039554108
0.4660875095002296,-0.23435024659775816,0.9894102748387454,-0.3243844427667037,-0.6733287725139336,-1.0,2.879373181920698
-0.8217627639655646,-1.0,-0.972838007742939,-0.6716775822202139,1.0,1.0,2.034593199336566
1.0,-0.5676339766790104,1.0,0.9944164873584449,0.9666953367211988,0.6257471655450753,-5.735737656910732
-0.7232363835018896,-0.36095333957150544,-0.4694132805458642,-0.8910681104541336,-1.0,0.36914598990867,0.14106143917025132
-0.7652606241634281,-1.0,-0.6907484910427826,-1.0,-0.8493985878165334,0.07791389934617662,-0.7058511923425727
-0.22642622164640724,-0.5937807998530037,-0.812645148496536,0.30544023237360635,0.6892626250919903,0.7423506570310383,2.5672619355021844
0.7339102432758119,1.0,1.0,0.5879832049555367,-0.2913946607956695,-1.0,1.855480293778785
-0.8224635120630277,-0.35973850442622834,-0.34477032728051493,0.8058007138851478,-1.0,-1.0,-0.016084588235153352
0.19630697034261557,0.8783013435565014,0.04423732446544082,0.4842277401775106,1.0,0.9878355916702009,5.093847112297137
-0.4716358975463477,-1.0,-0.4110874906841565,-1.0,-0.2690302874682222,-1.0,3.848945551925352
1.0,0.8327867049080004,1.0,-0.5694791784567815,-0.7387116698470249,0.4378639441605985,1.2181779991247335
0.5594753906046357,0.7524916308534734,0.5405679415099626,0.6874944082449043,0.3905650475179613,-0.4196921140627986,0.4537062523449424
-0.6837970643005156,-0.8940179998088073,-1.0,0.3516145035075801,-0.05007376083426729,-0.5926890505044505,-1.599637539728268
0.1968678734165078,0.4805553055902196,-0.5896305121161185,1.0,1.0,-0.06041774334349137,-0.6194981703736162
1.0,0.33116683020838705,1.0,-0.6450637975203929,-1.0,-1.0,6.680318542946269
0.04072142555831437,-1.0,0.8749783104985237,-0.49089393161593126,-1.0,-1.0,7.6658204217696415
-0.6308827893621838,0.7138257846586156,0.15648796750966165,0.7911341314408368,0.931056158177751,0.5033992612462446,1.6221259838697741
-1.0,-0.9918614815921786,-0.22989560212442695,-1.0,-0.17067350984722496,-1.0,4.611058225729537
1.0,0.330979939662714,1.0,0.6935079010359648,0.15387350024295454,-0.1954156483705647,0.17057721308898205
-0.09730804255721548,-0.489543132412002,-1.0,0.4691857999695629,-1.0,-1.0,0.9866995311481525
1.0,0.6569288416508388,0.7235903834714973,0.09278261596815049,1.0,1.0,-1.7444470215641643
-1.0,0.595196741199274,-1.0,-0.3792202915374482,-0.2831561490057941,-1.0,4.9638602586618275
0.15185710376535067,1.0,-0.5755299439081538,1.0,1.0,0.29840305494443053,0.09809570817508212
-1.0,-0.4001931515450834,-1.0,-1.0,-0.6064482055999788,-0.8162215524343682,1.9454423063347854
0.6303715370282856,0.19448488794465058,0.29245408199670364,1.0,0.1593459855356214,-0.0008580039822857488,-0.4607195748746678
-1.0,-1.0,-0.7037863125883563,-1.0,0.21942161803494603,1.0,-3.2567939676316344
-0.20706327342285422,0.4253502542218599,-0.9274142159529757,1.0,1.0,1.0,8.22052721508716
1.0,0.5670149758095167,0.05242751512914845,-0.1804882683698571,-1.0,-1.0,6.026220654244224
0.06852082355906189,-0.7517619691394155,-0.17358268527585552,1.0,0.14923797622748405,0.19829307218455017,-0.6651355023828901
-1.0,-1.0,0.3792280538799868,-0.5015213834948253,1.0,0.6646807588521202,2.2591867313303027
-0.03627672232374457,0.7378860566202307,-1.0,-1.0,0.9958305772519354,1.0,10.801372026571261
0.2143391510491081,-1.0,-0.6347869529431373,-0.3753698064835247,1.0,0.6118543099015626,-1.3613971766714152
0.145811097145922,0.4624868914118537,0.25078338067841927,0.029767947521128775,-0.14217031283888337,0.33468007515780573,0.07534164709772762
-0.6750305315009796,-0.938645893537293,-0.671771793358321,-0.5340336087454258,0.686067763819391,-0.3848296670181168,-0.7381847270087727
1.0,0.7161431343135973,0.5958592058002545,1.0,0.7035154262759348,1.0,-2.5960672739863746
-0.09664944170905382,0.8284163351493147,1.0,-0.006865548326859705,0.06072290282882063,1.0,-1.7362646375942414
-0.4632363401126547,-0.13906043539486834,-0.37196119015747486,-0.9578621291603364,-1.0,-0.2913769603944152,1.3188825027457451
1.0,-0.1401847834015405,0.8311448242829588,0.09784217790660521,1.0,1.0,-4.1239720815954435
0.29565885481381143,-0.983363168617462,1.0,0.04741193709218805,0.5249030504020632,1.0,-1.2231495970044681
0.5905075062363062,-1.0,-0.6344171281747033,-1.0,0.3811657934941748,0.964966823606487,-2.2937321565052478
-0.9353860014573029,-0.3743814655732395,0.07512581729488632,-0.2842262164505095,-0.9761925809320235,-1.0,-0.21010014425657625
-0.4653305805161754,0.6025076652485083,0.5002991928120207,-0.6704224614678725,1.0,-0.7644034063821252,1.1699958892494005
0.34896705933573957,1.0,-0.04989665328288817,-0.21007873204232097,-1.0,-0.20416183048640635,1.7392940464880284
1.0,1.0,1.0,1.0,1.0,1.0,-9.739067044372034
0.2619906368971687,1.0,0.0102994059811371,0.39909883926348066,0.8837899836591573,0.1047886028635106,0.6221806020517872
-0.21530399611445014,-0.5547310303690137,0.9085738168081778,-0.8818059824501325,-0.08205968577583711,-1.0,3.164791923734095
-1.0,-0.3082072847198516,-0.9794164723463867,-0.887103486270495,0.03213388481799384,1.0,4.055287189821685
-0.41533390392606484,-1.0,-0.2310539286421769,0.278253674984457,0.9753612885371241,1.0,3.402791061406409
1.0,0.7535420371444317,0.8376051039401669,1.0,-1.0,0.5215245908998796,3.161368485123152
1.0,-0.7072461219562444,-0.6996318400861554,0.9451714049089913,0.7503837374196828,0.7505754841310832,-2.319900176305903
0.31977712234684674,-0.19948086597574488,0.6594180403864356,-1.0,0.6824922369669246,1.0,-0.7091154086014172
0.11132337263882885,-0.27888820938063597,-0.7394991932301801,0.38895198941746933,0.4426934945131358,0.9647921733191881,4.643538408169539
1.0,1.0,0.9107843903981575,1.0,-0.6043893399674153,1.0,0.8130069216471772
-1.0,-1.0,-1.0,-1.0,1.0,-0.33786454683250033,-6.023620042129248
-1.0,-0.801401827926782,-0.33602484150574574,-0.5343762730772079,0.19257246540132028,-0.10809775060789706,-0.7856045316289608
0.6341774558134597,-1.0,-1.0,-0.44093489957581566,0.8364289548190443,0.36607696013559116,-4.1757250460043265
-0.210595534720266,0.7676926314487651,0.8378353219106948,-0.05539485465331223,0.2517853493677916,-0.30270264807105085,-1.1703034982367448
1.0,0.9410706613450008,0.5037686186198204,-0.03331645190621872,1.0,0.02561138814864805,-2.62113203375225
0.3249728457368547,-0.1543582512299848,-1.0,-0.5806110330407019,0.4402303330471156,-0.55062057984394,-1.2761832887953464
0.20782495551950375,0.20036106630001882,0.030915267545012837,0.7376572763056981,1.0,0.2256552529057164,-0.47005611755693183
-0.01178037691163758,-1.0,-0.30461033363937995,-0.8835561300343833,0.2854775971671297,0.27729812575262147,-1.0889734520028513
-0.16728267360201343,-0.717989057762709,-1.0,-1.0,-0.5286401411898025,-1.0,3.031354765603396
1.0,-1.0,-0.0879440909157384,0.8158851286537164,1.0,0.5931795209853861,-3.1486793181799015
0.8331074562699159,-0.710764731138491,-0.9728088002164405,-1.0,-1.0,-0.35929624554335726,7.130991113964159
-1.0,-0.30988668545908443,-0.16729022181025888,-1.0,0.8050601423941866,0.1540599321584569,3.519035119358261
-0.811359155914877,-1.0,-1.0,-0.28970637376106867,-1.0,0.26557541332602397,-5.153760354792095
1.0,-0.65781535543789,0.24975778564659362,0.258045222595265,0.9455198618930294,-0.10222206741683681,-3.057219967533609
1.0,-0.045742307065261056,0.7059103336893866,0.26342438248208166,-0.09680346908616172,1.0,0.7518672579261696
0.07240262083908278,0.23582523715184156,-0.13231105519432662,-0.07534943200800537,0.31718988296007816,-0.042906438615527565,-0.41012617266517715
-0.7737211779844004,-1.0,-1.0,-0.14048832030897285,1.0,0.3714409156985683,-3.600007858976403
-0.9991362226502722,-1.0,-0.007580706182413799,-1.0,1.0,-0.38127296536940314,4.953156785001417
0.24397820145863325,-1.0,-0.514951457513162,0.29125153981241214,-0.29446447438262546,-0.8221877358410324,0.6527226425776489
-0.228458456149848,0.598396970693029,-0.25397489543592777,-0.20367562477799472,0.11069815082809736,0.09580671924492778,0.6660682063334881
-0.07236528841845202,-1.0,-0.7003486541657462,-1.0,-1.0,0.4664627089675549,2.9645291308006665
-0.17326054215772296,-1.0,0.9291363008236092,0.5513542982872446,1.0,1.0,0.5069203066032613
0.22090399857312354,-0.8351847831769551,-0.837204124471749,-0.18211529840244065,0.6046593516369061,0.7230039844637454,-0.10666092695217708
1.0,1.0,0.9537551986831146,0.7487403423176632,1.0,0.4594201231953061,-8.530580350801056
0.00877612774824632,-1.0,0.2813741889918023,-0.5471950362229876,-0.3179599037819072,-0.9599832948565926,5.656015658583713
-0.5520338877509654,-0.1358150935963851,-0.4330745153617878,1.0,0.290924521187794,-1.0,3.014331216786923
0.13403638732022538,0.40864375601469693,-0.11075602942197316,0.13578490562497136,0.4772519330299496,1.0,3.9237367971027792
-0.5619106496081974,-0.9045075881327341,0.6068879312081292,-0.4529967696202029,0.8315905241306021,1.0,1.154109236717779
0.8105536509430722,-0.3437573821029151,0.45399214168035307,1.0,-0.9922398075488434,-0.3696908759981593,3.9152977444383446
-0.7075775675314857,-1.0,0.8774440278919019,0.5647924884505142,-1.0,-0.34990818712555594,1.068726804851603
1.0,1.0,1.0,0.23695554191911405,-0.2834659851054431,0.575641000591386,-2.074375606604641
-0.5696553201184645,-0.5877162798657611,0.039255620139892144,-0.8548859545458783,0.20817956020911277,-0.25362881667686293,0.9706111395935181
0.6206752592963289,0.32048395103298644,0.9875023666864355,0.572030426886956,-1.0,-0.5205003250794725,2.6776813596774875
-0.045501496505817585,-0.24043642088717296,-0.4312421128084632,-0.6200903026507275,0.2550209225406779,1.0,4.028205662717716
-0.10515596831603824,-1.0,-0.6937612246096562,-0.6214448669763105,1.0,0.16123750282588367,-2.058818849148004
1.0,1.0,0.9402889155073364,1.0,-0.012803489086990416,1.0,-5.00311678092624
0.3780402516607358,0.0719128397544174,-0.9652462600348235,1.0,0.7648958322960634,-0.629456331876151,-2.351598572637394
-0.9289415666346921,0.3695051380497066,0.24553634289316226,0.5915381110288851,0.32525765789830174,-0.2045390093446226,0.9216007451126244
-0.04619605828769974,1.0,0.31613936611531546,1.0,-0.4386221236993231,-1.0,4.120552632556194
0.3033555088989317,1.0,0.4249612259475356,0.6829946262092772,0.7091811384645701,1.0,-0.05190302378989897
-0.07365141156370907,-0.6306221105979217,0.1858460997564758,0.21189469711457454,0.1830451611401357,1.0,3.118331240117647
0.23250704259207858,-0.40015802451131466,-0.26320120070269726,-0.6376783371407484,0.07437087503664491,1.0,3.055204872849935
0.48978160179380215,1.0,0.6455992085116203,-0.6321703844877987,-0.23532047912120668,0.24600596292761057,-1.195490447737492
-0.3546101271201745,-1.0,-1.0,-1.0,-0.7528782234911766,-0.7393435675665557,1.2980495609788858
-0.31304799902664415,0.5912961678897224,1.0,1.0,1.0,0.29736979915065875,-3.299675219164367
0.2909456191965567,0.6074946343328811,1.0,-0.38602366514808234,0.6428576356478959,-0.5078588461059501,-0.6589665147641462
-1.0,-1.0,-1.0,-0.7492462354165841,-0.10774226541114695,-0.20750859096686747,-5.712652398215846
-0.7234313539351961,-1.0,-1.0,-0.534035155629559,0.18515046182433326,-0.3200193699853433,-3.345288151856127
-0.4207467496911316,-0.24976136672418825,-0.3715246731721539,0.03529241869472466,-1.0,-1.0,-0.0013845070786577263
1.0,0.14645499714108956,1.0,1.0,1.0,1.0,-5.993709119694168
-0.3288253692493706,-0.5139395369077345,-0.0770169513513323,-0.006469357600710546,0.14111338725608757,0.0251252948334012,0.14575262078677653
-1.0,-0.13747540873079633,-0.22213152746221176,-1.0,1.0,-0.7746236822240062,6.645352753796753
0.25043544592734834,0.17726693746720468,1.0,0.02353085959293777,-0.13245343109069768,0.01922655759801381,-0.7023437114403162
1.0,-0.7749738291420947,-0.26814233898328943,-0.6523089725099914,-0.08992250722851891,-1.0,7.113526415204311
-0.39532914132030594,0.19313485480065273,0.5377788204861808,-0.6246934394237784,0.26391553120444033,0.6118612456676185,0.21183295967100546
-0.5743656718289991,-1.0,-0.955520504216645,-1.0,-1.0,-1.0,5.219351440077693
1.0,1.0,0.47382137043133,0.08094736313586093,-0.007576730446388902,0.6768780347866702,-0.6322500927003201
-0.6880270237526918,-0.9955791535116021,-0.4222620794119982,-1.0,0.34237205509537816,0.08614472097462006,-2.041551086003216
-0.14346524559009088,-1.0,-0.6286938196590248,-0.28394454890738974,1.0,1.0,2.1265883185303625
-0.7805245403525783,-0.7355793149709103,-0.5059759112982949,-0.2318082332422705,-0.49740231139624036,-0.4340403551080345,-1.1153444219184747
-1.0,-1.0,-0.8246442095465549,-1.0,-0.7018546723973058,0.6037084879997381,-3.782418191017991
1.0,0.09857237461515322,1.0,0.02245273319637464,-1.0,-1.0,8.408808843364751
-1.0,-0.8416334565338919,-0.9860112386440643,-1.0,0.8196956094488006,0.8609192003869212,-0.7816199027011567
0.23497915219680787,1.0,0.36325607783490543,1.0,-0.15723433774439732,1.0,0.09966371308496669
-1.0,-0.3795706505216714,-1.0,-1.0,-0.049308937455021296,-1.0,4.798487250895385
-0.32805509785799614,1.0,1.0,-0.01672089463274773,0.2644968877147915,0.6529498786381482,-2.3445752142492298
-1.0,-1.0,-1.0,0.0586681201478087,-1.0,0.17136203268943162,-6.436250356732897
-0.39059243650877606,-0.6299013915675371,0.5608356274557851,-0.2500987175100031,-1.0,-1.0,0.5480333016341383
0.6349508071628338,-0.24232554934396155,-1.0,-0.8030826837595681,0.7856371286631185,1.0,1.3293664410255666
0.9094732937069985,0.3963487295068015,0.2840191841192681,-0.31785954792738313,-0.666021542604831,-1.0,4.045568716163193
0.7419783128226767,0.29695832536100064,-0.5422251058100931,0.42472006720129074,0.6845897384857618,0.7285948664437993,0.04874405772979609
-0.3071644845174677,-0.9480380456447877,-0.5681523555527757,-0.7269619066096016,0.37191868713233056,-0.3485689174513257,-0.9572310775496387
-1.0,-1.0,-0.7724603355296098,-0.38414964680985264,-0.9729695462929321,1.0,-0.6248969384317842
0.2493878029746357,0.8883783668796137,-0.08393981853101251,-0.016385751293676254,0.4172369735926582,0.04874666637133962,0.380556520799395
1.0,0.4215036116779578,0.05503757316220148,1.0,-0.06553239434142144,0.1494801269601377,0.8408257499793254
-0.6299532212232392,-0.32087386401493034,0.15837098652365805,1.0,-0.5715912434460122,1.0,1.518184376042222
0.23851889828710904,0.7319856013331068,1.0,1.0,-0.4494038069693618,0.7169673519075405,-2.7552831250881207
-1.0,0.15028933911467157,-0.2706765601565112,-0.15847064152291535,-1.0,-0.4528221808984736,-2.922328433692421
1.0,0.760696825846783,1.0,0.8907718875614823,-1.0,-1.0,8.98438396570396
